distiller_id,scan_number,nersc_write_time,ncem_created_time,time_difference_seconds
3730,4227,2023-10-13 13:42:58,2023-10-13 13:42:28,30.0
3731,4228,2023-10-13 13:43:48,2023-10-13 13:43:23,25.0
3732,4229,2023-10-13 13:44:44,2023-10-13 13:44:18,26.0
3733,4230,2023-10-13 13:45:40,2023-10-13 13:45:13,27.0
3735,4231,2023-10-13 13:46:33,2023-10-13 13:46:08,25.0
3736,4232,2023-10-13 13:47:29,2023-10-13 13:47:03,26.0
3737,4233,2023-10-13 13:48:25,2023-10-13 13:47:58,27.0
3738,4234,2023-10-13 13:49:18,2023-10-13 13:48:53,25.0
3739,4235,2023-10-13 13:50:13,2023-10-13 13:49:48,25.0
3740,4236,2023-10-13 13:51:08,2023-10-13 13:50:43,25.0
3741,4237,2023-10-13 13:52:03,2023-10-13 13:51:38,25.0
3742,4238,2023-10-13 13:52:56,2023-10-13 13:52:33,23.0
3743,4239,2023-10-13 13:53:52,2023-10-13 13:53:28,24.0
3744,4240,2023-10-13 13:54:50,2023-10-13 13:54:23,27.0
3745,4241,2023-10-13 13:55:42,2023-10-13 13:55:18,24.0
3746,4242,2023-10-13 13:56:37,2023-10-13 13:56:13,24.0
3747,4243,2023-10-13 13:57:32,2023-10-13 13:57:08,24.0
3748,4244,2023-10-13 13:58:50,2023-10-13 13:58:03,47.0
3749,4245,2023-10-13 13:59:24,2023-10-13 13:58:58,26.0
3750,4246,2023-10-13 14:00:18,2023-10-13 13:59:53,25.0
3751,4247,2023-10-13 14:01:11,2023-10-13 14:00:48,23.0
3752,4248,2023-10-13 14:02:06,2023-10-13 14:01:43,23.0
3753,4249,2023-10-13 14:03:03,2023-10-13 14:02:38,25.0
3754,4250,2023-10-13 14:03:58,2023-10-13 14:03:33,25.0
3755,4251,2023-10-13 14:04:53,2023-10-13 14:04:28,25.0
3756,4252,2023-10-13 14:05:48,2023-10-13 14:05:23,25.0
3757,4253,2023-10-13 14:06:42,2023-10-13 14:06:18,24.0
3758,4254,2023-10-13 14:07:40,2023-10-13 14:07:13,27.0
3759,4255,2023-10-13 14:08:35,2023-10-13 14:08:08,27.0
3760,4256,2023-10-13 14:09:28,2023-10-13 14:09:03,25.0
3761,4257,2023-10-13 14:10:24,2023-10-13 14:09:58,26.0
3762,4258,2023-10-13 14:11:20,2023-10-13 14:10:53,27.0
3763,4259,2023-10-13 14:12:13,2023-10-13 14:11:48,25.0
3764,4260,2023-10-13 14:13:09,2023-10-13 14:12:43,26.0
3765,4261,2023-10-13 14:14:03,2023-10-13 14:13:38,25.0
3766,4262,2023-10-13 14:14:58,2023-10-13 14:14:33,25.0
3767,4263,2023-10-13 14:15:53,2023-10-13 14:15:28,25.0
3768,4264,2023-10-13 14:16:48,2023-10-13 14:16:23,25.0
3769,4265,2023-10-13 14:17:44,2023-10-13 14:17:18,26.0
3770,4266,2023-10-13 14:18:38,2023-10-13 14:18:13,25.0
3771,4267,2023-10-13 14:19:36,2023-10-13 14:19:08,28.0
3772,4268,2023-10-13 14:20:28,2023-10-13 14:20:03,25.0
3773,4269,2023-10-13 14:21:22,2023-10-13 14:20:58,24.0
3774,4270,2023-10-13 14:22:17,2023-10-13 14:21:53,24.0
3775,4271,2023-10-13 14:23:12,2023-10-13 14:22:48,24.0
3776,4272,2023-10-13 14:24:07,2023-10-13 14:23:43,24.0
3777,4273,2023-10-13 14:25:04,2023-10-13 14:24:38,26.0
3778,4274,2023-10-13 14:25:59,2023-10-13 14:25:33,26.0
3779,4275,2023-10-13 14:26:54,2023-10-13 14:26:28,26.0
3780,4276,2023-10-13 14:28:02,2023-10-13 14:27:23,39.0
3781,4277,2023-10-13 14:28:44,2023-10-13 14:28:19,25.0
3782,4278,2023-10-13 14:29:38,2023-10-13 14:29:13,25.0
3783,4279,2023-10-13 14:30:33,2023-10-13 14:30:08,25.0
3784,4280,2023-10-13 14:31:28,2023-10-13 14:31:03,25.0
3785,4281,2023-10-13 14:32:22,2023-10-13 14:31:59,23.0
3786,4282,2023-10-13 14:33:18,2023-10-13 14:32:53,25.0
3787,4283,2023-10-13 14:34:13,2023-10-13 14:33:48,25.0
3788,4284,2023-10-13 14:35:08,2023-10-13 14:34:44,24.0
3789,4285,2023-10-13 14:36:02,2023-10-13 14:35:39,23.0
3790,4286,2023-10-13 14:36:59,2023-10-13 14:36:34,25.0
3791,4287,2023-10-13 14:37:52,2023-10-13 14:37:29,23.0
3792,4288,2023-10-13 14:38:54,2023-10-13 14:38:24,30.0
3793,4289,2023-10-13 14:39:42,2023-10-13 14:39:19,23.0
3794,4290,2023-10-13 14:40:37,2023-10-13 14:40:14,23.0
3795,4291,2023-10-13 14:41:32,2023-10-13 14:41:09,23.0
3797,4292,2023-10-13 14:42:28,2023-10-13 14:42:04,24.0
3798,4293,2023-10-13 14:44:02,2023-10-13 14:42:59,63.0
3799,4294,2023-10-13 14:44:17,2023-10-13 14:43:54,23.0
3800,4295,2023-10-13 14:45:13,2023-10-13 14:44:49,24.0
3801,4296,2023-10-13 14:46:07,2023-10-13 14:45:44,23.0
3802,4297,2023-10-13 14:47:02,2023-10-13 14:46:39,23.0
3803,4298,2023-10-13 14:47:58,2023-10-13 14:47:34,24.0
3804,4299,2023-10-13 14:48:53,2023-10-13 14:48:29,24.0
3805,4300,2023-10-13 14:49:48,2023-10-13 14:49:24,24.0
3806,4301,2023-10-13 14:50:42,2023-10-13 14:50:19,23.0
3807,4302,2023-10-13 14:51:37,2023-10-13 14:51:14,23.0
3808,4303,2023-10-13 14:52:32,2023-10-13 14:52:09,23.0
3809,4304,2023-10-13 14:53:29,2023-10-13 14:53:04,25.0
3810,4305,2023-10-13 14:54:24,2023-10-13 14:53:59,25.0
3811,4306,2023-10-13 14:55:19,2023-10-13 14:54:54,25.0
3812,4307,2023-10-13 14:56:13,2023-10-13 14:55:49,24.0
3813,4308,2023-10-13 14:57:08,2023-10-13 14:56:44,24.0
3814,4309,2023-10-13 14:58:02,2023-10-13 14:57:39,23.0
3815,4310,2023-10-13 14:58:58,2023-10-13 14:58:34,24.0
3816,4311,2023-10-13 14:59:53,2023-10-13 14:59:29,24.0
3817,4312,2023-10-13 15:00:47,2023-10-13 15:00:24,23.0
3818,4313,2023-10-13 15:01:43,2023-10-13 15:01:19,24.0
3820,4314,2023-10-13 15:02:38,2023-10-13 15:02:14,24.0
3821,4315,2023-10-13 15:03:33,2023-10-13 15:03:09,24.0
3822,4316,2023-10-13 15:04:29,2023-10-13 15:04:04,25.0
3823,4317,2023-10-13 15:05:23,2023-10-13 15:04:59,24.0
3824,4318,2023-10-13 15:06:18,2023-10-13 15:05:54,24.0
3825,4319,2023-10-13 15:07:14,2023-10-13 15:06:49,25.0
3826,4320,2023-10-13 15:08:13,2023-10-13 15:07:44,29.0
3827,4321,2023-10-13 15:09:06,2023-10-13 15:08:39,27.0
3828,4322,2023-10-13 15:10:00,2023-10-13 15:09:34,26.0
3829,4323,2023-10-13 15:10:55,2023-10-13 15:10:29,26.0
3830,4324,2023-10-13 15:11:49,2023-10-13 15:11:24,25.0
3831,4325,2023-10-13 15:12:45,2023-10-13 15:12:19,26.0
3832,4326,2023-10-13 15:13:38,2023-10-13 15:13:14,24.0
3833,4327,2023-10-13 15:14:34,2023-10-13 15:14:09,25.0
3834,4328,2023-10-13 15:15:29,2023-10-13 15:15:04,25.0
3835,4329,2023-10-13 15:16:23,2023-10-13 15:15:59,24.0
3836,4330,2023-10-13 15:17:18,2023-10-13 15:16:54,24.0
3837,4331,2023-10-13 15:18:15,2023-10-13 15:17:49,26.0
3838,4332,2023-10-13 15:19:08,2023-10-13 15:18:44,24.0
3839,4333,2023-10-13 15:20:03,2023-10-13 15:19:39,24.0
3840,4334,2023-10-13 15:20:57,2023-10-13 15:20:34,23.0
3841,4335,2023-10-13 15:21:53,2023-10-13 15:21:29,24.0
3842,4336,2023-10-13 15:22:48,2023-10-13 15:22:24,24.0
3844,4337,2023-10-13 15:23:43,2023-10-13 15:23:19,24.0
3845,4338,2023-10-13 15:24:38,2023-10-13 15:24:14,24.0
3846,4339,2023-10-13 15:25:33,2023-10-13 15:25:09,24.0
3847,4340,2023-10-13 15:26:27,2023-10-13 15:26:04,23.0
3848,4341,2023-10-13 15:27:24,2023-10-13 15:26:59,25.0
3849,4342,2023-10-13 15:28:21,2023-10-13 15:27:54,27.0
3850,4343,2023-10-13 15:29:15,2023-10-13 15:28:49,26.0
3851,4344,2023-10-13 15:30:09,2023-10-13 15:29:44,25.0
3852,4345,2023-10-13 15:31:03,2023-10-13 15:30:39,24.0
3853,4346,2023-10-13 15:31:58,2023-10-13 15:31:34,24.0
3854,4347,2023-10-13 15:32:54,2023-10-13 15:32:29,25.0
3855,4348,2023-10-13 15:33:53,2023-10-13 15:33:24,29.0
3856,4349,2023-10-13 15:34:45,2023-10-13 15:34:19,26.0
3857,4350,2023-10-13 15:35:42,2023-10-13 15:35:14,28.0
3858,4351,2023-10-13 15:36:35,2023-10-13 15:36:09,26.0
3859,4352,2023-10-13 15:37:32,2023-10-13 15:37:04,28.0
3860,4353,2023-10-13 15:38:23,2023-10-13 15:37:59,24.0
3861,4354,2023-10-13 15:39:19,2023-10-13 15:38:54,25.0
3862,4355,2023-10-13 15:40:13,2023-10-13 15:39:49,24.0
3863,4356,2023-10-13 15:47:40,2023-10-13 15:47:15,25.0
3864,4357,2023-10-13 15:48:33,2023-10-13 15:48:10,23.0
3865,4358,2023-10-13 15:49:28,2023-10-13 15:49:05,23.0
3866,4359,2023-10-13 15:50:24,2023-10-13 15:50:00,24.0
3867,4360,2023-10-13 15:51:21,2023-10-13 15:50:55,26.0
3868,4361,2023-10-13 15:52:16,2023-10-13 15:51:50,26.0
3869,4362,2023-10-13 15:53:09,2023-10-13 15:52:45,24.0
3870,4363,2023-10-13 15:54:04,2023-10-13 15:53:40,24.0
3871,4364,2023-10-13 15:55:00,2023-10-13 15:54:35,25.0
3872,4365,2023-10-13 15:55:56,2023-10-13 15:55:30,26.0
3873,4366,2023-10-13 15:56:52,2023-10-13 15:56:25,27.0
3874,4367,2023-10-13 15:57:49,2023-10-13 15:57:20,29.0
3875,4368,2023-10-13 15:58:41,2023-10-13 15:58:15,26.0
3876,4369,2023-10-13 15:59:35,2023-10-13 15:59:10,25.0
3877,4370,2023-10-13 16:00:31,2023-10-13 16:00:05,26.0
3878,4371,2023-10-13 16:01:24,2023-10-13 16:01:00,24.0
3879,4372,2023-10-13 16:02:20,2023-10-13 16:01:55,25.0
3880,4373,2023-10-13 16:03:15,2023-10-13 16:02:50,25.0
3881,4374,2023-10-13 16:04:10,2023-10-13 16:03:45,25.0
3882,4375,2023-10-13 16:05:05,2023-10-13 16:04:40,25.0
3883,4376,2023-10-13 16:06:00,2023-10-13 16:05:35,25.0
3884,4377,2023-10-13 16:06:53,2023-10-13 16:06:30,23.0
3885,4378,2023-10-13 16:07:49,2023-10-13 16:07:25,24.0
3886,4379,2023-10-13 16:08:45,2023-10-13 16:08:20,25.0
3887,4380,2023-10-13 16:09:39,2023-10-13 16:09:15,24.0
3888,4381,2023-10-13 16:10:35,2023-10-13 16:10:10,25.0
3889,4382,2023-10-13 16:11:31,2023-10-13 16:11:05,26.0
3890,4383,2023-10-13 16:12:26,2023-10-13 16:12:00,26.0
3891,4384,2023-10-13 16:13:20,2023-10-13 16:12:55,25.0
3892,4385,2023-10-13 16:14:14,2023-10-13 16:13:50,24.0
3893,4386,2023-10-13 16:15:11,2023-10-13 16:14:45,26.0
3894,4387,2023-10-13 16:16:04,2023-10-13 16:15:40,24.0
3895,4388,2023-10-13 16:16:59,2023-10-13 16:16:35,24.0
3896,4389,2023-10-13 16:17:55,2023-10-13 16:17:30,25.0
3897,4390,2023-10-13 16:18:49,2023-10-13 16:18:25,24.0
3898,4391,2023-10-13 16:19:44,2023-10-13 16:19:20,24.0
3899,4392,2023-10-13 16:20:42,2023-10-13 16:20:15,27.0
3900,4393,2023-10-13 16:21:35,2023-10-13 16:21:10,25.0
3901,4394,2023-10-13 16:22:31,2023-10-13 16:22:05,26.0
3902,4395,2023-10-13 16:23:25,2023-10-13 16:23:00,25.0
3903,4396,2023-10-13 16:24:19,2023-10-13 16:23:55,24.0
3904,4397,2023-10-13 16:25:14,2023-10-13 16:24:50,24.0
3905,4398,2023-10-13 16:26:11,2023-10-13 16:25:45,26.0
3906,4399,2023-10-13 16:27:05,2023-10-13 16:26:40,25.0
3907,4400,2023-10-13 16:28:05,2023-10-13 16:27:35,30.0
3908,4401,2023-10-13 16:28:55,2023-10-13 16:28:30,25.0
3910,4402,2023-10-13 16:29:57,2023-10-13 16:29:25,32.0
3911,4403,2023-10-13 16:30:47,2023-10-13 16:30:20,27.0
3912,4404,2023-10-13 16:31:43,2023-10-13 16:31:15,28.0
3913,4405,2023-10-13 16:34:52,2023-10-13 16:34:23,29.0
3914,4406,2023-10-13 16:35:44,2023-10-13 16:35:18,26.0
3915,4407,2023-10-13 16:36:39,2023-10-13 16:36:13,26.0
3916,4408,2023-10-13 16:37:33,2023-10-13 16:37:09,24.0
3917,4409,2023-10-13 16:38:33,2023-10-13 16:38:04,29.0
3918,4410,2023-10-13 16:39:24,2023-10-13 16:38:59,25.0
3919,4411,2023-10-13 16:40:19,2023-10-13 16:39:54,25.0
3920,4412,2023-10-13 16:41:13,2023-10-13 16:40:49,24.0
3921,4413,2023-10-13 16:42:08,2023-10-13 16:41:44,24.0
3922,4414,2023-10-13 16:43:02,2023-10-13 16:42:39,23.0
3923,4415,2023-10-13 16:43:58,2023-10-13 16:43:34,24.0
3924,4416,2023-10-13 16:44:54,2023-10-13 16:44:29,25.0
3925,4417,2023-10-13 16:45:51,2023-10-13 16:45:24,27.0
3926,4418,2023-10-13 16:46:44,2023-10-13 16:46:19,25.0
3927,4419,2023-10-13 16:47:42,2023-10-13 16:47:14,28.0
3928,4420,2023-10-13 16:48:34,2023-10-13 16:48:09,25.0
3929,4421,2023-10-13 16:49:32,2023-10-13 16:49:04,28.0
3930,4422,2023-10-13 16:50:25,2023-10-13 16:49:59,26.0
3931,4423,2023-10-13 16:51:20,2023-10-13 16:50:54,26.0
3932,4424,2023-10-13 16:52:13,2023-10-13 16:51:49,24.0
3933,4425,2023-10-13 16:53:08,2023-10-13 16:52:44,24.0
3934,4426,2023-10-13 16:54:03,2023-10-13 16:53:39,24.0
3935,4427,2023-10-13 16:54:58,2023-10-13 16:54:34,24.0
3936,4428,2023-10-13 16:55:54,2023-10-13 16:55:29,25.0
3937,4429,2023-10-13 16:56:50,2023-10-13 16:56:24,26.0
3938,4430,2023-10-13 16:57:42,2023-10-13 16:57:19,23.0
3939,4431,2023-10-13 16:58:38,2023-10-13 16:58:14,24.0
3940,4432,2023-10-13 16:59:33,2023-10-13 16:59:09,24.0
3941,4433,2023-10-13 17:00:28,2023-10-13 17:00:04,24.0
3942,4434,2023-10-13 17:01:25,2023-10-13 17:00:59,26.0
3943,4435,2023-10-13 17:02:21,2023-10-13 17:01:54,27.0
3944,4436,2023-10-13 17:03:15,2023-10-13 17:02:49,26.0
3945,4437,2023-10-13 17:04:10,2023-10-13 17:03:44,26.0
3946,4438,2023-10-13 17:05:05,2023-10-13 17:04:39,26.0
3947,4439,2023-10-13 17:05:58,2023-10-13 17:05:34,24.0
3948,4440,2023-10-13 17:06:58,2023-10-13 17:06:29,29.0
3949,4441,2023-10-13 17:07:50,2023-10-13 17:07:24,26.0
3950,4442,2023-10-13 17:08:46,2023-10-13 17:08:19,27.0
3951,4443,2023-10-13 17:09:39,2023-10-13 17:09:14,25.0
3952,4444,2023-10-13 17:10:35,2023-10-13 17:10:09,26.0
3953,4445,2023-10-13 17:11:28,2023-10-13 17:11:04,24.0
3954,4446,2023-10-13 17:12:25,2023-10-13 17:11:59,26.0
3955,4447,2023-10-13 17:13:20,2023-10-13 17:12:54,26.0
3956,4448,2023-10-13 17:14:13,2023-10-13 17:13:49,24.0
3957,4449,2023-10-13 17:15:09,2023-10-13 17:14:44,25.0
3958,4450,2023-10-13 17:16:03,2023-10-13 17:15:39,24.0
3959,4451,2023-10-13 17:16:59,2023-10-13 17:16:34,25.0
3960,4452,2023-10-13 17:17:53,2023-10-13 17:17:29,24.0
3961,4453,2023-10-13 17:18:53,2023-10-13 17:18:24,29.0
3962,4454,2023-10-13 17:19:43,2023-10-13 17:19:19,24.0
3963,4455,2023-10-13 17:20:38,2023-10-13 17:20:14,24.0
3964,4456,2023-10-13 17:21:34,2023-10-13 17:21:09,25.0
3965,4457,2023-10-13 17:22:32,2023-10-13 17:22:04,28.0
3966,4458,2023-10-13 17:23:23,2023-10-13 17:22:59,24.0
3967,4459,2023-10-13 17:24:17,2023-10-13 17:23:54,23.0
3968,4460,2023-10-13 17:25:13,2023-10-13 17:24:49,24.0
3969,4461,2023-10-13 17:26:08,2023-10-13 17:25:44,24.0
3970,4462,2023-10-13 17:27:03,2023-10-13 17:26:39,24.0
3971,4463,2023-10-13 17:27:59,2023-10-13 17:27:34,25.0
3972,4464,2023-10-13 17:28:53,2023-10-13 17:28:29,24.0
3973,4465,2023-10-13 17:29:49,2023-10-13 17:29:24,25.0
3974,4466,2023-10-13 17:30:43,2023-10-13 17:30:19,24.0
3975,4467,2023-10-13 17:31:42,2023-10-13 17:31:14,28.0
3976,4468,2023-10-13 17:32:33,2023-10-13 17:32:09,24.0
3977,4469,2023-10-13 17:33:29,2023-10-13 17:33:04,25.0
3978,4470,2023-10-13 17:34:24,2023-10-13 17:33:59,25.0
3979,4471,2023-10-13 17:35:19,2023-10-13 17:34:54,25.0
3980,4472,2023-10-13 17:36:14,2023-10-13 17:35:49,25.0
3981,4473,2023-10-13 17:37:09,2023-10-13 17:36:44,25.0
3982,4474,2023-10-13 17:38:06,2023-10-13 17:37:39,27.0
3983,4475,2023-10-13 17:39:00,2023-10-13 17:38:34,26.0
3984,4476,2023-10-13 17:39:55,2023-10-13 17:39:29,26.0
3985,4477,2023-10-13 17:40:49,2023-10-13 17:40:24,25.0
3986,4478,2023-10-13 17:41:44,2023-10-13 17:41:19,25.0
3988,4479,2023-10-13 17:42:39,2023-10-13 17:42:14,25.0
3989,4480,2023-10-13 17:43:34,2023-10-13 17:43:09,25.0
3990,4481,2023-10-13 17:44:30,2023-10-13 17:44:04,26.0
3991,4482,2023-10-13 17:45:24,2023-10-13 17:44:59,25.0
3992,4483,2023-10-13 17:46:20,2023-10-13 17:45:54,26.0
3993,4484,2023-10-13 17:47:15,2023-10-13 17:46:49,26.0
3994,4485,2023-10-13 17:48:10,2023-10-13 17:47:44,26.0
3995,4486,2023-10-13 17:49:05,2023-10-13 17:48:39,26.0
3996,4487,2023-10-13 17:50:02,2023-10-13 17:49:34,28.0
3997,4488,2023-10-13 17:50:54,2023-10-13 17:50:29,25.0
3998,4489,2023-10-13 17:51:53,2023-10-13 17:51:24,29.0
3999,4490,2023-10-13 17:52:44,2023-10-13 17:52:19,25.0
4000,4491,2023-10-13 17:53:39,2023-10-13 17:53:14,25.0
4001,4492,2023-10-13 17:54:33,2023-10-13 17:54:09,24.0
4002,4493,2023-10-13 17:55:29,2023-10-13 17:55:05,24.0
4003,4494,2023-10-13 17:56:24,2023-10-13 17:55:59,25.0
4004,4495,2023-10-13 17:57:19,2023-10-13 17:56:54,25.0
4005,4496,2023-10-13 17:58:13,2023-10-13 17:57:49,24.0
4006,4497,2023-10-13 17:59:15,2023-10-13 17:58:44,31.0
4007,4498,2023-10-13 18:00:06,2023-10-13 17:59:39,27.0
4008,4499,2023-10-13 18:01:04,2023-10-13 18:00:34,30.0
4009,4500,2023-10-13 18:01:53,2023-10-13 18:01:30,23.0
4010,4501,2023-10-13 18:02:49,2023-10-13 18:02:24,25.0
4011,4502,2023-10-13 18:03:43,2023-10-13 18:03:19,24.0
4012,4503,2023-10-13 18:04:38,2023-10-13 18:04:14,24.0
4013,4504,2023-10-13 18:05:34,2023-10-13 18:05:09,25.0
4014,4505,2023-10-13 18:06:29,2023-10-13 18:06:04,25.0
4015,4506,2023-10-13 18:07:24,2023-10-13 18:06:59,25.0
4016,4507,2023-10-13 18:08:20,2023-10-13 18:07:54,26.0
4017,4508,2023-10-13 18:09:15,2023-10-13 18:08:49,26.0
4018,4509,2023-10-13 18:10:11,2023-10-13 18:09:44,27.0
4019,4510,2023-10-13 18:11:04,2023-10-13 18:10:39,25.0
4020,4511,2023-10-13 18:12:00,2023-10-13 18:11:35,25.0
4022,4512,2023-10-13 18:12:55,2023-10-13 18:12:29,26.0
4023,4513,2023-10-13 18:13:50,2023-10-13 18:13:24,26.0
4024,4514,2023-10-13 18:14:47,2023-10-13 18:14:20,27.0
4025,4515,2023-10-13 18:15:40,2023-10-13 18:15:15,25.0
4026,4516,2023-10-13 18:16:37,2023-10-13 18:16:10,27.0
4027,4517,2023-10-13 18:17:30,2023-10-13 18:17:05,25.0
4028,4518,2023-10-13 18:18:26,2023-10-13 18:18:00,26.0
4029,4519,2023-10-13 18:19:20,2023-10-13 18:18:55,25.0
4030,4520,2023-10-13 18:20:14,2023-10-13 18:19:50,24.0
4031,4521,2023-10-13 18:21:10,2023-10-13 18:20:45,25.0
4032,4522,2023-10-13 18:22:05,2023-10-13 18:21:40,25.0
4033,4523,2023-10-13 18:28:29,2023-10-13 18:28:03,26.0
4034,4524,2023-10-13 18:29:24,2023-10-13 18:28:58,26.0
4035,4525,2023-10-13 18:30:18,2023-10-13 18:29:53,25.0
4036,4526,2023-10-13 18:31:14,2023-10-13 18:30:48,26.0
4037,4527,2023-10-13 18:32:10,2023-10-13 18:31:43,27.0
4038,4528,2023-10-13 18:33:06,2023-10-13 18:32:38,28.0
4039,4529,2023-10-13 18:34:00,2023-10-13 18:33:33,27.0
4040,4530,2023-10-13 18:34:53,2023-10-13 18:34:28,25.0
4041,4531,2023-10-13 18:35:48,2023-10-13 18:35:23,25.0
4042,4532,2023-10-13 18:36:43,2023-10-13 18:36:18,25.0
4043,4533,2023-10-13 18:37:41,2023-10-13 18:37:14,27.0
4044,4534,2023-10-13 18:38:36,2023-10-13 18:38:08,28.0
4045,4535,2023-10-13 18:39:28,2023-10-13 18:39:03,25.0
4046,4536,2023-10-13 18:40:24,2023-10-13 18:39:59,25.0
4047,4537,2023-10-13 18:41:20,2023-10-13 18:40:54,26.0
4048,4538,2023-10-13 18:42:13,2023-10-13 18:41:49,24.0
4049,4539,2023-10-13 18:43:11,2023-10-13 18:42:44,27.0
4050,4540,2023-10-13 18:44:05,2023-10-13 18:43:39,26.0
4051,4541,2023-10-13 18:44:58,2023-10-13 18:44:34,24.0
4052,4542,2023-10-13 18:45:53,2023-10-13 18:45:29,24.0
4053,4543,2023-10-13 18:46:48,2023-10-13 18:46:24,24.0
4054,4544,2023-10-13 18:47:43,2023-10-13 18:47:19,24.0
4056,4545,2023-10-13 18:48:38,2023-10-13 18:48:14,24.0
4057,4546,2023-10-13 18:49:33,2023-10-13 18:49:09,24.0
4058,4547,2023-10-13 18:50:29,2023-10-13 18:50:04,25.0
4059,4548,2023-10-13 18:51:23,2023-10-13 18:50:59,24.0
4060,4549,2023-10-13 18:52:17,2023-10-13 18:51:54,23.0
4061,4550,2023-10-13 18:53:14,2023-10-13 18:52:49,25.0
4062,4551,2023-10-13 18:54:12,2023-10-13 18:53:44,28.0
4063,4552,2023-10-13 18:55:05,2023-10-13 18:54:39,26.0
4064,4553,2023-10-13 18:55:58,2023-10-13 18:55:34,24.0
4065,4554,2023-10-13 18:56:54,2023-10-13 18:56:29,25.0
4066,4555,2023-10-13 18:57:48,2023-10-13 18:57:24,24.0
4067,4556,2023-10-13 18:58:45,2023-10-13 18:58:19,26.0
4068,4557,2023-10-13 18:59:38,2023-10-13 18:59:14,24.0
4069,4558,2023-10-13 19:00:33,2023-10-13 19:00:09,24.0
4070,4559,2023-10-13 19:01:28,2023-10-13 19:01:04,24.0
4072,4560,2023-10-13 19:02:23,2023-10-13 19:01:59,24.0
4073,4561,2023-10-13 19:03:19,2023-10-13 19:02:54,25.0
4074,4562,2023-10-13 19:04:13,2023-10-13 19:03:49,24.0
4075,4563,2023-10-13 19:05:10,2023-10-13 19:04:44,26.0
4076,4564,2023-10-13 19:06:04,2023-10-13 19:05:39,25.0
4077,4565,2023-10-13 19:06:58,2023-10-13 19:06:34,24.0
4078,4566,2023-10-13 19:07:53,2023-10-13 19:07:29,24.0
4079,4567,2023-10-13 19:08:49,2023-10-13 19:08:24,25.0
4080,4568,2023-10-13 19:09:43,2023-10-13 19:09:19,24.0
4081,4569,2023-10-13 19:10:38,2023-10-13 19:10:14,24.0
4082,4570,2023-10-13 19:11:33,2023-10-13 19:11:09,24.0
4083,4571,2023-10-13 19:12:28,2023-10-13 19:12:04,24.0
4084,4572,2023-10-13 19:13:24,2023-10-13 19:12:59,25.0
4085,4573,2023-10-13 19:14:20,2023-10-13 19:13:54,26.0
4086,4574,2023-10-13 19:15:14,2023-10-13 19:14:49,25.0
4087,4575,2023-10-13 19:16:11,2023-10-13 19:15:44,27.0
4088,4576,2023-10-13 19:17:04,2023-10-13 19:16:39,25.0
4089,4577,2023-10-13 19:18:00,2023-10-13 19:17:34,26.0
4090,4578,2023-10-13 19:18:53,2023-10-13 19:18:29,24.0
4091,4579,2023-10-13 19:19:49,2023-10-13 19:19:24,25.0
4092,4580,2023-10-13 19:20:44,2023-10-13 19:20:19,25.0
4093,4581,2023-10-13 19:21:42,2023-10-13 19:21:14,28.0
4094,4582,2023-10-13 19:22:34,2023-10-13 19:22:09,25.0
4095,4583,2023-10-13 19:23:30,2023-10-13 19:23:04,26.0
4096,4584,2023-10-13 19:24:24,2023-10-13 19:23:59,25.0
4097,4585,2023-10-13 19:25:19,2023-10-13 19:24:54,25.0
4098,4586,2023-10-13 19:26:15,2023-10-13 19:25:49,26.0
4099,4587,2023-10-13 19:27:09,2023-10-13 19:26:44,25.0
4100,4588,2023-10-13 19:28:04,2023-10-13 19:27:39,25.0
4101,4589,2023-10-13 19:28:59,2023-10-13 19:28:34,25.0
4102,4590,2023-10-13 19:29:54,2023-10-13 19:29:29,25.0
4103,4591,2023-10-13 19:30:50,2023-10-13 19:30:24,26.0
4104,4592,2023-10-13 19:31:44,2023-10-13 19:31:19,25.0
4105,4593,2023-10-13 19:32:39,2023-10-13 19:32:14,25.0
4106,4594,2023-10-13 19:33:34,2023-10-13 19:33:09,25.0
4107,4595,2023-10-13 19:34:32,2023-10-13 19:34:04,28.0
4108,4596,2023-10-13 19:35:26,2023-10-13 19:34:59,27.0
4109,4597,2023-10-13 19:36:19,2023-10-13 19:35:54,25.0
4110,4598,2023-10-13 19:37:14,2023-10-13 19:36:49,25.0
4111,4599,2023-10-13 19:38:10,2023-10-13 19:37:44,26.0
4112,4600,2023-10-13 19:39:09,2023-10-13 19:38:39,30.0
4113,4601,2023-10-13 19:39:59,2023-10-13 19:39:34,25.0
4114,4602,2023-10-13 19:40:53,2023-10-13 19:40:29,24.0
4115,4603,2023-10-13 19:41:48,2023-10-13 19:41:24,24.0
4116,4604,2023-10-13 19:42:44,2023-10-13 19:42:19,25.0
4117,4605,2023-10-13 19:43:41,2023-10-13 19:43:14,27.0
4118,4606,2023-10-13 19:44:39,2023-10-13 19:44:09,30.0
4119,4607,2023-10-13 19:45:28,2023-10-13 19:45:04,24.0
4120,4608,2023-10-13 19:46:24,2023-10-13 19:45:59,25.0
4121,4609,2023-10-13 19:47:19,2023-10-13 19:46:54,25.0
4122,4610,2023-10-13 19:48:13,2023-10-13 19:47:49,24.0
4123,4611,2023-10-13 19:49:14,2023-10-13 19:48:44,30.0
4124,4612,2023-10-13 19:50:03,2023-10-13 19:49:39,24.0
4125,4613,2023-10-13 19:50:58,2023-10-13 19:50:34,24.0
4126,4614,2023-10-13 19:51:54,2023-10-13 19:51:29,25.0
4127,4615,2023-10-13 19:52:50,2023-10-13 19:52:24,26.0
4128,4616,2023-10-13 19:53:44,2023-10-13 19:53:19,25.0
4129,4617,2023-10-13 19:54:41,2023-10-13 19:54:14,27.0
4130,4618,2023-10-13 19:55:36,2023-10-13 19:55:09,27.0
4131,4619,2023-10-13 19:56:29,2023-10-13 19:56:04,25.0
4132,4620,2023-10-13 19:57:25,2023-10-13 19:56:59,26.0
4133,4621,2023-10-13 19:58:19,2023-10-13 19:57:54,25.0
4134,4622,2023-10-13 19:59:15,2023-10-13 19:58:49,26.0
4135,4623,2023-10-13 20:00:09,2023-10-13 19:59:44,25.0
4136,4624,2023-10-13 20:01:04,2023-10-13 20:00:39,25.0
4137,4625,2023-10-13 20:01:59,2023-10-13 20:01:34,25.0
4138,4626,2023-10-13 20:02:54,2023-10-13 20:02:29,25.0
4139,4627,2023-10-13 20:03:49,2023-10-13 20:03:24,25.0
4140,4628,2023-10-13 20:04:45,2023-10-13 20:04:19,26.0
4141,4629,2023-10-13 20:05:45,2023-10-13 20:05:14,31.0
4142,4630,2023-10-13 20:06:34,2023-10-13 20:06:09,25.0
4143,4631,2023-10-13 20:07:31,2023-10-13 20:07:04,27.0
4144,4632,2023-10-13 20:08:24,2023-10-13 20:07:59,25.0
4145,4633,2023-10-13 20:09:19,2023-10-13 20:08:54,25.0
4146,4634,2023-10-13 20:10:13,2023-10-13 20:09:49,24.0
4147,4635,2023-10-13 20:11:09,2023-10-13 20:10:44,25.0
4148,4636,2023-10-13 20:12:04,2023-10-13 20:11:39,25.0
4149,4637,2023-10-13 20:13:00,2023-10-13 20:12:34,26.0
4150,4638,2023-10-13 20:13:54,2023-10-13 20:13:30,24.0
4151,4639,2023-10-13 20:14:50,2023-10-13 20:14:24,26.0
4152,4640,2023-10-13 20:15:47,2023-10-13 20:15:20,27.0
4153,4641,2023-10-13 20:16:40,2023-10-13 20:16:15,25.0
4154,4642,2023-10-13 20:17:36,2023-10-13 20:17:10,26.0
4155,4643,2023-10-13 20:18:32,2023-10-13 20:18:05,27.0
4156,4644,2023-10-13 20:19:24,2023-10-13 20:19:00,24.0
