id,slurm_id,elapsed
3802,62482488,00:00:56
3505,62477385,00:00:56
2058,2234110,00:01:11
3883,62498583,00:01:06
1854,57710262,00:00:28
3500,62476931,00:01:05
1909,58094109,00:00:58
1905,58094121,00:00:51
1901,58094132,00:00:51
6876,5357005,00:00:34
1908,58094114,00:00:40
1906,58094118,00:01:13
1902,58094130,00:01:08
1841,57420434,00:01:01
1842,57420440,00:00:44
1912,58227343,00:00:37
1912,58227419,00:00:45
1856,57709497,00:00:20
1854,57713917,00:00:34
6877,5357009,00:00:31
1856,57709851,00:00:44
1853,57710254,00:01:03
1839,57420059,00:00:57
1852,57710246,00:00:40
3501,62477052,00:00:54
1838,57419802,00:00:34
1840,57420356,00:00:40
1855,57710269,00:00:34
1857,57710273,00:00:38
3502,62477078,00:00:52
1838,57419629,00:00:15
2099,60535534,00:00:33
3514,62477657,00:01:35
9526,8685052,00:01:35
2163,60648107,00:00:43
2163,60647994,00:00:15
3059,60953705,00:01:07
3055,61085445,00:00:43
3057,60953714,00:00:48
3055,60953729,00:01:17
3053,60953743,00:00:28
2987,60954145,00:01:32
3055,60954201,00:00:12
2968,60946548,00:20:26
2966,60946559,00:01:22
3106,61237694,00:00:37
3349,62429690,00:01:43
3381,62448509,00:01:01
3363,62432365,00:01:01
2965,60946562,00:00:36
2963,60946576,00:05:26
3004,60946614,00:01:05
3002,60946670,00:01:01
3009,60953669,00:01:21
3051,60953759,00:01:35
3049,60953776,00:01:15
3047,60953786,00:01:09
3053,60954209,00:00:47
3106,61241681,00:00:41
3363,62432398,00:00:59
3365,62433550,00:01:00
3376,62448660,00:01:14
3367,62433807,00:00:58
3334,3090394,00:11:10
3355,62430224,00:01:06
3382,62448543,00:01:00
3361,3097351,00:04:49
3377,62448665,00:01:12
3392,62449072,00:00:56
3380,62448693,00:01:08
3386,62449032,00:00:51
3384,62449009,00:00:58
3401,62449611,00:01:05
3388,62449040,00:00:55
3390,62449069,00:00:59
3409,62449562,00:01:06
3405,62449597,00:01:06
3407,62449590,00:01:03
3397,62449629,00:01:00
3442,62450094,00:00:54
3437,62450031,00:03:36
3459,62450355,00:00:57
3454,62450895,00:01:01
3429,62449890,00:01:06
3472,62453421,00:01:03
2987,60946347,00:02:35
3106,2766821,00:01:04
2981,60946415,00:00:50
2980,60946422,00:00:45
2978,60946450,00:02:32
2977,60946457,00:01:15
2969,60946526,00:01:20
3106,61244717,00:00:41
3061,60953693,00:01:29
3063,60954140,00:00:24
3043,60954754,00:00:43
3366,62433603,00:01:01
3367,62433684,00:01:01
3371,62446934,00:00:57
3373,62447186,00:01:01
2974,60946480,00:01:05
3519,62477707,00:01:00
2964,60946568,00:01:38
3007,60946627,00:01:07
3056,60953724,00:01:12
3054,60953734,00:01:10
3052,60953752,00:01:29
3050,60953765,00:02:38
3342,62429159,00:00:58
3048,60953781,00:02:37
3046,60953797,00:01:20
3030,60955671,00:00:46
3063,60957377,00:00:45
3347,62429451,00:01:08
3367,62433813,00:00:56
3374,62447316,00:01:03
3338,62428376,00:00:59
3339,62428943,00:00:57
3391,62449070,00:01:05
3394,62449101,00:01:15
3481,62453595,00:00:57
3413,62449648,00:01:02
3447,62450860,00:01:02
3426,62449854,00:01:01
3424,62449862,00:00:56
3466,62451012,00:01:07
3430,62449908,00:05:30
3450,62450878,00:02:51
3473,62453424,00:00:51
3479,62453464,00:00:55
3476,62453438,00:00:52
3483,62455620,00:00:56
3486,62456346,00:01:00
3485,62456336,00:01:10
3487,62456639,00:01:00
3489,62458005,00:01:49
3491,62459358,00:00:57
2977,60946463,00:01:32
2962,60946585,00:01:13
2960,60946604,00:00:49
3045,60953809,00:03:32
3043,60953828,00:02:16
3041,60953851,00:00:50
3028,,00:00:37
3026,60955824,00:00:35
3428,62449896,00:00:57
3393,62449074,00:00:57
3340,62429091,00:00:55
3456,62450901,00:00:57
3452,62450891,00:00:52
3471,62450995,00:00:55
3458,62450908,00:00:53
3460,62450914,00:00:57
3434,62449979,00:01:02
3431,62451454,00:02:26
3440,62450076,00:00:55
3445,62450852,00:00:56
3480,62453466,00:01:27
3478,62453461,00:00:58
3474,62453428,00:00:57
3482,62455130,00:01:00
3484,62455802,00:00:57
3488,62457907,00:03:26
3492,62459444,00:00:54
3503,62477111,00:01:24
2216,60794269,00:01:54
2217,60794304,00:01:14
2218,60794447,00:01:44
2273,60801109,00:00:45
2263,60801152,00:01:19
2290,60801035,00:01:16
2288,60801047,00:00:53
2277,60801093,00:03:44
2295,60800999,00:01:26
2271,60801127,00:01:07
2306,60800933,00:02:43
2261,60801159,00:00:56
2305,60800941,00:01:22
2282,60801076,00:30:17
2292,60801020,00:02:00
2291,60801028,00:01:00
2289,60801039,00:01:06
2287,60801054,00:00:44
2285,60801065,00:01:03
2284,60801069,00:00:56
2280,60801083,00:01:05
2302,60800958,00:01:05
2279,60801086,00:01:28
2278,60801089,00:01:20
2276,60801095,00:01:29
2275,60801101,00:01:34
2274,60801104,00:01:16
2268,60801136,00:00:49
2270,60801130,00:00:48
2269,60801133,00:00:45
2267,60801140,00:00:26
2266,60801143,00:00:47
2253,60801185,00:02:20
2259,60801166,00:00:43
2260,60801162,00:00:53
2255,60801180,00:00:43
2258,60801170,00:00:51
2257,60801175,00:00:53
2254,60801182,00:00:48
2293,60801013,00:02:41
2304,60800945,00:01:42
2297,60800986,00:00:50
2296,60800990,00:01:15
2294,60801005,00:00:57
3005,60946610,00:01:37
3044,60953814,00:01:52
3042,60953840,00:01:52
3018,60956379,00:00:44
3106,61244640,00:00:37
3348,62429517,00:01:27
3395,62449102,00:01:04
3344,62429176,00:00:55
3414,62449668,00:01:03
3416,62449657,00:01:06
3399,62449622,00:01:00
3470,62451001,00:01:05
3420,62449738,00:02:50
3461,62450915,00:01:01
3448,62452234,00:00:47
3439,62450010,00:00:59
3438,62450026,00:00:55
3433,62451466,00:00:55
3468,62451005,00:01:05
2303,60800953,00:00:25
2301,60800966,00:01:35
2283,60801071,00:00:28
3028,60954050,00:00:30
2281,60801080,00:01:01
2984,60946388,00:00:58
3022,60954097,00:02:52
3060,60953700,00:01:58
3058,60953710,00:01:21
3067,60954137,00:03:29
3040,60953867,00:00:54
3038,60953876,00:00:48
3036,60953900,00:00:54
3034,60953923,00:02:05
3017,60956385,00:00:34
3032,60953936,00:03:09
3068,60957350,00:02:26
3030,60953952,00:00:19
2300,60800970,00:01:12
2272,60801112,00:00:51
3023,60954091,00:03:33
2983,60946398,00:01:29
2973,60946494,00:00:49
3021,60954104,00:02:32
3019,60954115,00:03:12
3013,60954130,00:05:11
3041,60953859,00:01:29
3039,60953873,00:00:50
3066,60954136,00:00:20
3037,60953883,00:00:40
3035,60953908,00:02:52
3031,60953943,00:02:44
3026,60954066,00:00:19
3066,60957337,00:00:36
3025,60954077,00:03:11
3350,62429762,00:00:58
3353,62429992,00:01:53
3362,62432264,00:01:09
3372,62446941,00:00:53
3410,62449640,00:01:01
2299,60800976,00:01:30
2298,60800981,00:01:36
2264,60801150,00:00:58
3504,62477236,00:01:03
2262,60801156,00:01:38
2256,60801177,00:00:38
3015,60954126,00:04:02
2997,60946249,00:00:47
2982,60946408,00:01:02
2979,60946426,00:00:51
2971,60946510,00:00:55
3011,60954132,00:04:08
2970,60946516,00:01:49
3064,60954138,00:00:13
3009,60946646,00:02:38
3062,60954141,00:02:41
2971,60954146,00:00:45
3033,60953930,00:02:21
3064,60957357,00:01:06
3029,60954036,00:02:18
3027,60954059,00:03:32
3017,60954122,00:00:24
3346,62429367,00:00:57
2286,60801062,00:00:23
2265,60801147,00:00:48
2993,60946280,00:03:37
2995,60946270,00:01:48
2276,60839087,00:01:09
2313,60839125,00:00:48
2315,60938428,00:01:14
2312,60839132,00:00:46
2314,60839136,00:00:58
2316,60839146,00:00:46
2422,2609203,00:00:25
2947,60941652,00:02:09
2303,60839038,00:01:01
2286,60839057,00:00:52
2267,60839092,00:01:36
2283,60839067,00:01:01
2282,60839080,00:00:48
2267,60839095,00:02:27
2648,2609374,00:01:15
2276,60839102,00:01:02
2282,60839107,00:00:50
2283,60839109,00:00:45
2286,60839114,00:00:45
2303,60839117,00:01:08
2312,60839120,00:00:56
2952,60942906,00:02:29
2946,60941647,00:00:50
2950,60942439,00:02:31
2949,60942351,00:01:40
2951,60942618,00:00:43
2954,60943311,00:00:53
2953,60943134,00:01:06
2952,60942987,00:01:04
2955,60943461,00:00:50
2956,60943517,00:00:57
2957,60943823,00:01:00
2958,60944056,00:01:17
2958,60944095,00:00:59
2959,60944098,00:01:16
3520,62477719,00:00:58
2998,60946244,00:00:54
2988,60946334,00:01:32
2986,60946361,00:02:19
2985,60946371,00:00:46
2976,60946469,00:01:46
2975,60946477,00:01:14
3006,60946622,00:03:09
3024,60954084,00:06:20
3020,60954111,00:03:19
3005,60954143,00:02:03
3358,62431428,00:01:14
3370,62446944,00:00:54
3343,62429156,00:01:30
3341,62429161,00:01:01
3375,62447443,00:00:59
3356,62430272,00:01:04
3417,62449685,00:01:15
3415,62449666,00:00:57
3427,62449850,00:01:01
3425,62449857,00:00:59
3411,62449643,00:00:54
3436,62450052,00:01:06
3418,62449708,00:03:30
3419,,00:02:44
3423,62449866,00:00:59
3432,62451462,00:02:28
3467,62451007,00:01:00
3444,62450845,00:01:00
9516,8665868,00:00:57
3003,60946193,00:01:23
3421,62449756,00:01:05
3002,60946201,00:04:04
3001,60946214,00:00:43
2996,60946260,00:03:38
2994,60946275,00:01:43
2992,60946290,00:00:48
2990,60946316,00:01:41
2972,60946503,00:01:25
3359,62431708,00:01:12
2961,60946595,00:01:13
3008,60946623,00:00:59
3018,60954119,00:02:16
3016,60954124,00:02:37
3345,62429290,00:00:51
3346,62429347,00:01:02
3352,62429866,00:01:47
3357,62431133,00:01:00
3453,62450894,00:00:53
3403,62449605,00:03:40
3449,62450875,00:00:59
3457,62450904,00:01:00
3463,62450918,00:01:18
3464,62450920,00:01:05
3441,62450069,00:00:59
3448,62450874,00:00:18
3435,62449993,00:02:41
3465,62450921,00:00:54
3477,62453440,00:00:58
3475,62453433,00:01:02
3506,62477479,00:00:53
3000,60946224,00:00:52
2999,60946233,00:01:06
2991,60946302,00:00:48
2989,60946324,00:01:42
2967,60946554,00:05:45
3014,60954129,00:04:04
3012,60954131,00:03:06
3010,60954133,00:03:04
3065,60954135,00:03:18
3106,61237687,00:00:31
3383,62449029,00:01:00
3379,62448683,00:00:56
3385,62449006,00:00:57
3387,62449037,00:01:05
3389,62449042,00:00:53
3396,62449637,00:01:06
3408,62449574,00:00:54
3402,62449608,00:01:04
3400,62449615,00:00:57
3406,62449594,00:01:18
3412,62449645,00:00:52
3404,62449599,00:01:02
3398,62449627,00:00:55
3443,62450092,00:01:04
3422,62449747,00:02:37
3446,62450857,00:00:58
3451,62450881,00:01:42
3455,62450897,00:00:52
3462,62450917,00:00:54
3469,62451004,00:01:00
3556,62479394,00:00:58
3496,62459757,00:04:03
3507,62477558,00:00:52
3509,62477619,00:01:02
3543,62479153,00:01:00
3511,62477634,00:00:56
3513,62477647,00:01:41
3515,62477656,00:00:59
9540,8688001,00:01:12
3542,62479154,00:01:01
3516,62477668,00:01:05
3517,62477689,00:00:55
3540,62479156,00:01:09
3518,62477695,00:00:57
3521,62477736,00:00:58
3522,62477746,00:00:56
3547,62479170,00:00:58
3526,62477827,00:00:55
3524,62477831,00:01:33
3530,62478741,00:01:11
3528,62478743,00:00:55
3576,62479807,00:00:53
3545,62479172,00:00:57
3535,62479058,00:00:59
3555,62479336,00:02:09
3533,62479060,00:00:55
3544,62479173,00:00:58
3537,62479107,00:00:59
3536,62479115,00:00:59
3560,62479459,00:00:58
3551,62479270,00:01:02
3554,62479338,00:02:56
3550,62479279,00:00:52
3548,62479284,00:00:07
3553,62479341,00:01:01
3566,62479568,00:00:56
3552,62479350,00:01:52
3558,62479388,00:01:10
3571,62479639,00:04:24
3575,62479600,00:03:11
3579,62479799,00:03:14
3582,62479994,00:00:54
3577,62479805,00:01:07
3584,62479985,00:00:54
3588,62480098,00:00:51
3583,62479989,00:01:10
3586,62480106,00:00:54
3548,62480610,00:00:57
3618,62480884,00:00:54
3614,62480877,00:00:48
3616,62480880,00:00:54
3602,62480854,00:00:58
3627,62480909,00:00:50
3587,62480102,00:00:59
3496,62459768,00:01:21
3508,62477571,00:00:55
3510,62477621,00:00:56
3963,62501261,00:01:28
3573,62479629,00:02:57
3512,62477640,00:01:09
3523,62477781,00:01:00
3557,62479390,00:03:27
3525,62477829,00:01:03
3527,62477987,00:01:02
3564,62479449,00:01:01
3531,62478738,00:01:05
3529,62478742,00:01:01
3531,62478752,00:00:53
3563,62479451,00:01:13
3572,62479634,00:02:16
3534,62479059,00:01:00
3562,62479452,00:00:57
3532,62479061,00:01:01
3561,62479454,00:01:21
3539,62479104,00:01:22
3538,62479105,00:00:59
3541,62479155,00:00:56
3546,62479171,00:00:56
3549,62479282,00:01:01
3559,62479377,00:00:51
3570,62479564,00:00:56
3580,62479776,00:02:40
3569,62479565,00:01:01
3568,62479566,00:00:57
3567,62479567,00:00:58
3565,62479569,00:00:55
3597,62480278,00:00:56
3578,62479802,00:03:17
3574,62479603,00:01:12
3594,62480130,00:01:22
3585,62479980,00:01:05
3581,62480000,00:00:56
3589,62480096,00:01:13
3593,62480132,00:00:58
3592,62480134,00:01:25
3591,62480136,00:01:12
3590,62480142,00:00:58
3595,62480583,00:01:10
3599,62480584,00:00:57
3598,62480585,00:01:09
3600,62480851,00:00:57
3612,62480869,00:00:58
3606,62480861,00:01:09
3607,62480862,00:00:57
3617,62480881,00:00:53
3610,62480866,00:00:52
3611,62480868,00:00:57
3601,62480852,00:01:01
3613,62480871,00:01:05
3615,62480879,00:00:55
3626,62480910,00:00:53
3603,62480856,00:00:58
3604,62480859,00:00:58
3605,62480860,00:01:11
3679,62481273,00:00:52
3797,62482493,00:00:15
3796,62482494,00:00:23
3803,62482566,00:00:58
3971,62524555,00:00:52
3831,62496311,00:00:58
3896,62498772,00:00:16
3895,62498775,00:01:06
3915,62499105,00:01:10
3918,62499165,00:00:53
3976,,00:01:39
3622,62480914,00:00:57
4234,3154314,00:06:42
3621,62480932,00:00:58
3620,62480936,00:01:02
3619,62480944,00:00:58
3631,62480948,00:01:01
4156,62755072,00:04:09
3629,62480958,00:00:58
3655,62481064,00:00:59
3647,62481074,00:01:00
4243,62822732,00:01:06
3643,62481079,00:00:58
3635,62481226,00:00:53
3661,62481308,00:01:01
4313,62853649,00:00:58
3658,62481312,00:00:57
4320,62885439,00:01:00
4332,62889635,00:01:07
4358,62895012,00:00:51
4378,62901095,00:00:50
4385,62902451,00:00:51
4538,3210990,00:01:18
3780,62482519,00:00:58
9517,8665918,00:01:02
3852,62496286,00:01:05
3900,62498818,00:00:59
3630,62480954,00:00:59
3657,62481062,00:00:56
3649,62481072,00:01:01
3935,62499827,00:01:43
3645,62481076,00:00:54
3669,62481292,00:00:13
3663,62481306,00:00:52
4347,62894474,00:01:03
3972,62524556,00:00:56
4328,62889298,00:01:03
4163,62755213,00:01:03
4241,62822629,00:00:58
4280,62827715,00:00:53
4336,62891843,00:01:00
4321,62888229,00:01:10
4350,62894479,00:00:53
4540,3211004,00:01:17
4341,62894447,00:00:53
4564,3211305,00:01:35
4357,62894962,00:00:51
4382,62902043,00:01:08
4575,3211443,00:01:29
4573,3211446,00:04:23
4578,3211507,00:01:23
4586,3211495,00:00:26
4584,3211597,00:01:09
4592,3211591,00:01:13
3772,62482529,00:01:01
3846,62496303,00:02:11
3648,62481073,00:00:58
3646,62481075,00:00:55
3902,62498952,00:00:55
3913,62499107,00:01:15
3644,62481077,00:00:55
3623,62480913,00:00:59
3934,62499491,00:00:53
3932,62499494,00:00:52
3973,62524558,00:00:53
3975,62542043,00:00:54
4177,62755618,00:00:59
3656,62481063,00:01:05
3642,62481106,00:00:55
3654,62481065,00:00:54
4167,62755568,00:00:59
3652,62481067,00:01:00
3640,62481199,00:00:52
3650,62481069,00:00:56
3638,62481209,00:00:50
3636,62481220,00:01:02
3634,62481244,00:01:02
3633,62481248,00:00:58
3632,62481250,00:00:55
4242,62822731,00:01:11
3687,62481254,00:00:54
3672,62481286,00:00:53
3670,62481288,00:00:18
3666,62481299,00:00:51
3664,62481303,00:00:59
3662,62481307,00:00:55
3660,62481309,00:00:51
4253,62824409,00:01:01
4263,62825396,00:01:28
4322,62888244,00:01:02
3625,62480911,00:00:51
3765,62482542,00:01:03
4387,62903114,00:01:01
3850,62496239,00:00:57
3678,62481275,00:00:56
3699,62481352,00:00:59
3693,62481372,00:00:54
4170,62755580,00:01:03
3854,62496438,00:01:02
3909,62499063,00:01:00
4172,62755591,00:00:56
4257,62824639,00:02:51
4174,62755600,00:01:03
3928,62499441,00:00:55
3926,62499444,00:00:49
4180,62755628,00:00:22
4323,62888386,00:00:54
4213,62780119,00:00:15
4236,62780173,00:01:05
4245,62823956,00:00:55
4416,62910728,00:01:20
4324,62888899,00:01:11
4168,62755576,00:00:56
4409,62910500,00:01:11
4388,62903106,00:01:06
4414,62910714,00:01:07
4432,62910869,00:00:56
4349,3211044,00:02:06
4568,3211327,00:01:17
4329,3211053,00:01:14
4571,3211451,00:03:35
4585,3211496,00:01:26
4580,3211504,00:01:20
4582,3211500,00:01:15
4593,3211592,00:01:20
4595,3211594,00:01:16
4596,3211650,00:01:20
4588,3211544,00:20:35
4602,3211638,00:01:11
3608,62480863,00:01:02
3609,62480865,00:00:55
3628,62480908,00:00:52
3624,62480912,00:00:55
4335,62891769,00:01:02
3722,62481554,00:00:57
3715,62481561,00:00:59
3677,62481276,00:00:56
3676,62481278,00:00:55
3675,62481280,00:00:50
3667,62481297,00:00:51
3673,62481284,00:01:00
3671,62481287,00:00:54
3668,62481294,00:00:52
3697,62481357,00:00:55
3665,62481300,00:01:00
3698,62481354,00:01:09
3658,62481031,00:00:59
3696,62481361,00:00:51
3695,62481363,00:00:56
3694,62481371,00:00:49
3692,62481373,00:00:56
3653,62481066,00:00:55
3724,62481552,00:00:51
3688,62481382,00:00:55
3651,62481068,00:01:08
3641,62481123,00:00:49
3639,62481205,00:00:53
3637,62481214,00:00:57
3686,62481257,00:00:56
3685,62481258,00:00:50
3684,62481265,00:00:56
3721,62481555,00:00:50
3739,62482369,00:00:59
3726,62481550,00:00:56
3725,62481551,00:00:57
3717,62481559,00:00:56
3723,62481553,00:00:57
3683,62481266,00:00:55
3681,62481271,00:00:58
3719,62481557,00:00:57
3718,62481558,00:00:54
3705,62481574,00:00:55
3716,62481560,00:00:53
3714,62481562,00:00:55
3682,62481268,00:00:56
3708,62481570,00:00:59
3712,62481565,00:00:53
3711,62481566,00:00:59
3710,62481568,00:01:00
3707,62481572,00:00:56
3706,62481573,00:01:03
3680,62481272,00:00:52
3704,62481576,00:01:02
3703,62481578,00:00:55
3702,62481587,00:01:05
3701,62481589,00:00:57
3700,62481590,00:00:54
3699,62481598,00:01:00
3691,62481375,00:02:28
3689,62481379,00:01:02
3674,62481282,00:00:53
3759,62482550,00:00:08
4607,3211739,00:01:13
3833,62496310,00:00:53
3914,62499106,00:01:01
3911,62499109,00:01:12
3922,62499365,00:00:53
4615,3211766,00:01:15
4171,62755584,00:00:57
4429,62913958,00:01:25
4173,62755598,00:00:57
4484,62914170,00:00:10
4175,62755603,00:00:54
4179,62755626,00:01:00
4252,62824345,00:01:04
4614,3211767,00:30:09
4600,3211641,00:01:13
4319,62885251,00:00:53
4500,62915401,00:01:02
4338,3211046,00:02:28
4340,62894432,00:02:19
4356,62894876,00:00:56
4420,62910795,00:00:58
4574,3211445,00:01:22
4418,62910802,00:01:10
4436,62910952,00:01:18
4440,62911027,00:00:18
4586,3211596,00:03:45
4599,3211643,00:01:07
4605,3211662,00:01:08
4598,3211645,00:01:12
4604,3211663,00:02:16
4597,3211647,00:06:49
4603,3211664,00:01:15
4601,3211639,00:08:06
3659,62481311,00:00:14
3735,62482383,00:01:01
4216,62780123,00:01:09
3733,62482386,00:00:56
4613,3211732,00:01:16
3759,62482334,00:00:55
3751,62482349,00:00:56
3848,62496238,00:01:00
4254,62824441,00:01:06
3912,62499108,00:00:52
3910,62499110,00:01:19
3924,62499363,00:00:53
4346,62894470,00:00:54
4427,62910834,00:00:09
4429,62910847,00:00:16
4477,62914138,00:00:58
4459,62911282,00:01:01
4480,62914152,00:01:02
4520,62924464,00:01:10
4178,62755623,00:00:57
4481,62914156,00:00:57
4517,62923957,00:01:40
4469,62914124,00:01:02
4471,62914128,00:01:09
4473,62914130,00:00:58
4514,62917548,00:00:59
4475,62914133,00:01:05
4497,62914913,00:01:19
4522,62924543,00:01:35
4545,3211135,00:01:23
4543,3211137,00:01:24
4541,3211140,00:01:15
4577,3211440,00:01:13
4590,3211595,00:01:25
4591,3211590,00:01:15
3730,62482392,00:00:58
3851,62496289,00:00:55
4215,62780121,00:01:00
4217,62780124,00:00:56
3757,62482340,00:00:55
3856,62496497,00:01:11
3747,62482356,00:01:06
3745,62482359,00:00:55
3743,62482362,00:00:20
3741,62482365,00:00:58
3927,62499442,00:00:58
4221,62780134,00:00:57
4384,62902462,00:01:07
4181,62755631,00:00:54
3938,62499610,00:02:38
4183,62755649,00:01:02
4185,62755654,00:01:05
4187,62755678,00:00:57
4235,62780169,00:00:56
4189,62755756,00:00:54
4191,62755796,00:00:51
4193,62780056,00:00:55
4255,62824518,00:01:00
4207,62780105,00:00:54
4209,62780111,00:00:58
4359,62898659,00:01:13
4404,62909970,00:01:08
4360,62898711,00:01:15
4402,62909977,00:01:09
4375,62900559,00:00:58
4400,62909989,00:01:05
4380,62902069,00:01:03
4421,62910793,00:00:32
4386,62902437,00:01:14
4434,62910942,00:01:03
4453,62911256,00:01:06
4443,62911052,00:01:04
4483,62914169,00:01:08
4466,62914121,00:01:01
4485,62914172,00:01:00
4487,62914177,00:01:05
4491,62914193,00:01:00
4555,3211203,00:01:16
3734,62482384,00:00:57
3732,62482388,00:00:53
9529,8685567,00:01:01
4149,62753840,00:01:18
3756,62482342,00:01:01
3736,62482377,00:01:02
3835,62496307,00:00:50
3860,62496636,00:00:58
4152,62754342,00:00:58
3933,62499493,00:00:54
4442,62911054,00:00:58
4161,62755201,00:01:03
4450,62913821,00:01:18
4258,62824751,00:02:45
4458,62911242,00:01:00
4464,62914118,00:00:23
4182,62755647,00:01:02
4342,62894441,00:00:57
4184,62755650,00:01:02
4186,62755663,00:00:57
4188,62755736,00:00:55
4190,62755774,00:00:56
4353,62894711,00:00:54
4192,62755804,00:01:11
4087,3139822,00:24:47
4455,62911249,00:00:21
4355,62894821,00:00:55
4200,62780076,00:01:02
4206,62780104,00:00:57
4454,62911253,00:00:20
4210,62780114,00:01:01
4361,62899096,00:01:22
4218,62780127,00:00:55
4395,62903349,00:01:22
4460,62913827,00:01:10
4441,62911035,00:01:12
4476,62914135,00:01:03
4478,62914141,00:01:02
4454,62913818,00:01:00
4482,62914160,00:01:03
4486,62914174,00:01:05
4474,62914131,00:00:55
4516,62923855,00:01:41
4521,62924481,00:01:12
4524,62924874,00:01:12
4525,3210832,00:01:14
4537,3210988,00:01:13
4327,3211054,00:01:15
4612,3211734,00:01:11
4150,62754107,00:00:52
3853,62496387,00:02:04
4151,62754257,00:00:58
3937,62499713,00:04:52
4391,62903088,00:01:02
4165,62755064,00:01:05
3758,62482338,00:01:01
3754,62482346,00:00:12
3753,62482347,00:00:56
3752,62482348,00:01:05
3748,62482352,00:00:54
3744,62482361,00:00:51
3742,62482363,00:01:04
3740,62482367,00:01:04
4180,62780053,00:01:04
3738,62482371,00:00:58
4259,62825428,00:01:02
4264,62825880,00:01:43
4467,62913214,00:01:33
4362,62899638,00:01:15
4147,62753462,00:00:55
4447,62911106,00:01:05
4370,62900305,00:00:51
4470,62914127,00:01:09
4468,62913232,00:01:02
4472,62914129,00:00:58
4496,62914481,00:01:06
4494,62914499,00:01:06
4498,62915065,00:01:07
4519,62924467,00:01:26
4527,3210829,00:01:40
4535,3210818,00:01:21
3731,62482389,00:00:58
3727,62481549,00:00:51
7540,303856,00:00:39
3855,62496477,00:01:41
3750,62482350,00:00:50
3746,62482357,00:00:55
3944,62499961,00:01:59
3942,62499966,00:00:53
4158,62755142,00:01:02
3940,62500047,00:00:50
3955,62500506,00:00:57
3954,62500507,00:00:53
4426,62910815,00:01:30
3953,62500508,00:00:56
3961,62500656,00:00:50
3965,62501259,00:00:57
4159,62755172,00:04:57
4194,62780058,00:00:57
4455,62913815,00:01:09
4202,62780093,00:00:58
4208,62780107,00:00:58
4421,62913951,00:00:32
4277,62827597,00:00:58
4311,62845726,00:00:57
4344,62894469,00:00:58
4433,62910948,00:01:11
4364,62899787,00:01:07
4465,62914116,00:01:19
4381,62902057,00:00:57
4446,62911107,00:00:20
4534,3210821,00:01:20
4557,3211240,00:01:17
4556,3211241,00:01:14
4562,3211308,00:01:33
4560,3211312,00:01:15
4566,3211329,00:01:17
4579,3211506,00:01:16
4610,3211736,00:01:17
3857,62496572,00:00:54
3755,62482344,00:00:57
3749,62482351,00:00:49
3858,62496580,00:00:53
3859,62496589,00:01:41
3861,62496669,00:01:26
3864,62496886,00:00:51
3943,62499964,00:00:54
3941,62500044,00:00:54
3956,62500503,00:01:02
4205,62780101,00:01:03
3966,62501258,00:01:03
4211,62780115,00:00:57
4160,62755194,00:00:50
3962,62501262,00:00:54
4219,62780129,00:00:54
4279,62827708,00:00:52
4446,62913823,00:01:03
4195,62780059,00:01:07
4070,62750077,00:01:04
4197,62780063,00:01:29
4199,62780072,00:01:03
4363,62899790,00:00:52
4201,62780082,00:00:54
4203,62780097,00:01:00
4379,62901028,00:01:06
4440,62913963,00:02:05
4377,62901119,00:00:59
4406,62909963,00:01:08
4445,62911108,00:00:52
4326,3211094,00:01:14
4533,3210822,00:01:18
4531,3210824,00:01:14
4536,3210986,00:01:13
4544,3211136,00:01:22
4542,3211139,00:01:12
4552,3211125,00:01:21
4548,3211131,00:01:18
4558,3211236,00:01:16
4550,3211129,00:01:13
4546,3211134,00:01:12
4561,3211311,00:01:30
4584,3211497,00:00:26
4589,3211543,00:01:19
3737,62482374,00:01:05
3865,62496984,00:00:54
3873,62498248,00:01:38
3881,62498580,00:00:52
3892,62498711,00:01:05
3890,62498714,00:01:18
3899,62498820,00:00:51
4198,62780069,00:01:05
3901,62498953,00:01:10
3896,62498958,00:00:57
3920,62499160,00:01:11
3916,62499170,00:01:13
3946,62500236,00:00:49
4234,62780168,00:01:15
4204,62780098,00:01:07
4220,62780131,00:00:57
4196,62780060,00:00:56
4222,62780136,00:00:54
4212,62780117,00:01:04
4307,,00:00:52
4337,62892016,00:00:52
4339,62893503,00:06:43
4351,62894493,00:01:02
4365,62899818,00:01:04
3690,62481376,00:01:01
3792,62482501,00:01:05
3720,62481556,00:00:56
3495,62482433,00:01:00
3713,62481564,00:00:58
3709,62481569,00:00:08
3801,62482489,00:01:00
3800,62482490,00:00:55
3799,62482491,00:00:55
3798,62482492,00:00:54
3795,62482497,00:00:58
3794,62482498,00:01:07
3793,62482499,00:01:02
3791,62482502,00:00:55
3790,62482504,00:01:02
3783,62482514,00:01:01
3789,62482507,00:01:02
3788,62482508,00:00:56
3787,62482509,00:01:04
3786,62482510,00:00:56
3785,62482511,00:01:05
3784,62482513,00:01:10
3781,62482517,00:01:02
3782,62482516,00:01:09
3766,62482540,00:00:52
3779,62482520,00:00:59
3778,62482521,00:00:53
3777,62482522,00:01:00
3776,62482524,00:01:01
3775,62482525,00:00:58
3774,62482526,00:01:03
3773,62482527,00:01:14
3771,62482531,00:00:58
3770,62482532,00:01:02
3769,62482533,00:01:04
3768,62482535,00:01:03
3767,62482538,00:01:00
3812,62482552,00:00:57
3764,62482543,00:00:56
3763,62482545,00:00:58
3762,62482546,00:00:55
3761,62482547,00:00:59
3760,62482548,00:00:51
3813,62482551,00:00:54
3811,62482554,00:00:54
3809,62482557,00:01:02
3808,62482559,00:00:53
3807,62482560,00:01:02
3805,62482563,00:00:58
3804,62482564,00:00:59
3729,62481599,00:01:20
3810,62482556,00:00:58
3866,62497049,00:00:56
3872,62498225,00:01:11
3893,62498777,00:01:09
3904,62498948,00:00:53
3903,62498950,00:00:52
3905,62499069,00:00:52
3931,62499495,00:01:00
3945,62500239,00:00:53
4501,62917546,00:01:06
4148,62753461,00:00:59
4427,62913960,00:01:23
4155,62755003,00:01:28
4405,62909968,00:01:05
4403,62909972,00:01:05
4157,62755087,00:01:10
4401,62909984,00:00:58
4223,62780139,00:01:04
4229,62780156,00:01:01
4419,62910798,00:01:02
4338,62893303,00:30:22
4261,62844243,00:00:56
4262,62844247,00:01:01
4282,62844249,00:00:55
4345,62894468,00:01:07
4366,62899852,00:01:01
4368,62900000,00:01:00
4383,62902468,00:00:52
4451,62911164,00:01:02
4449,62911174,00:01:02
4515,62922979,00:00:58
4488,62914178,00:01:00
4490,62914187,00:00:10
4492,62914195,00:01:10
4421,3211001,00:01:10
4529,3210826,00:01:15
4526,3210830,00:01:15
4532,3210823,00:01:17
4528,3210828,00:01:15
4530,3210825,00:01:14
4551,3211128,00:01:23
4549,3211130,00:01:22
4547,3211133,00:01:21
4553,3211120,00:01:25
4559,3211234,00:01:25
4565,3211316,00:01:22
4567,3211328,00:01:17
4166,62755232,00:00:57
3806,62482562,00:00:58
3888,62498688,00:00:55
3849,62482590,00:00:58
3886,62498691,00:00:47
3848,62482592,00:00:17
3846,62482596,00:00:08
3845,62482597,00:00:51
3885,62498692,00:00:55
3844,62482599,00:00:55
4617,3211764,00:01:11
3842,62482601,00:00:51
3929,62499439,00:00:56
3950,62500419,00:00:55
3840,62482603,00:00:52
4224,62780141,00:00:54
3958,62500643,00:00:58
3838,62482606,00:00:52
3836,62482612,00:00:55
3834,62482621,00:00:55
4260,62844241,00:01:01
3832,62482626,00:00:52
3824,62482641,00:00:52
3822,62482643,00:00:54
3814,62482664,00:00:51
3871,62498049,00:01:01
4308,62844301,00:00:55
4367,62899927,00:01:10
4518,62924269,00:01:02
4452,62911162,00:01:01
4450,62911170,00:00:22
4448,62911175,00:01:07
4479,62914146,00:01:07
4495,62914489,00:01:00
4493,62914504,00:01:09
4490,3210983,00:01:20
4352,3211040,00:04:10
4563,3211307,00:01:33
4569,3211338,00:02:19
4570,3211452,00:03:30
4572,3211449,00:03:30
4576,3211442,00:01:27
4587,3211508,00:01:14
4583,3211499,00:01:18
4581,3211501,00:01:16
4594,3211593,00:01:19
4225,62780144,00:01:09
3843,62482600,00:00:56
3839,62482604,00:00:56
3835,62482617,00:00:17
3833,62482624,00:00:11
3831,62482627,00:00:07
3823,62482642,00:00:52
3884,62498694,00:01:00
3891,62498713,00:00:53
4227,62780150,00:01:06
3821,62482646,00:00:51
3949,62500420,00:00:56
3819,62482648,00:00:53
3947,62500423,00:00:55
3874,62498253,00:01:17
3882,62498581,00:01:19
3959,62500641,00:00:57
3887,62498689,00:01:32
4325,62888890,00:01:15
4284,62844253,00:00:58
4369,62900088,00:01:06
4373,62900448,00:01:00
4396,62903343,00:00:56
4394,62903353,00:00:52
4392,62903362,00:00:55
4397,62903444,00:00:57
4399,62909889,00:01:06
4412,62910704,00:01:01
4428,62910829,00:01:01
4424,62910819,00:02:18
3847,62482594,00:01:03
4372,62900454,00:00:57
3841,62482602,00:00:58
4310,62845564,00:00:52
3837,62482611,00:01:03
4611,3211735,00:01:17
4151,62754307,00:00:53
3829,62482631,00:01:00
3825,62482639,00:00:55
3817,62482653,00:00:56
3815,62482662,00:00:55
3875,62498301,00:01:01
3876,62498514,00:00:52
3889,62498687,00:02:27
3898,62498823,00:00:54
3919,62499163,00:00:52
3917,62499167,00:00:51
3939,62499582,00:03:46
3948,62500422,00:00:52
4226,62780148,00:00:59
3974,62542000,00:02:32
4348,62894477,00:01:01
4371,62900299,00:00:56
4407,62909902,00:01:10
4408,62910505,00:00:59
4415,62910719,00:01:05
4411,62910693,00:01:23
4413,62910710,00:01:22
4417,62910743,00:01:10
4430,62910865,00:01:00
4439,62911028,00:01:00
4489,62914181,00:01:17
4484,3210984,00:01:17
4330,3211052,00:01:13
3830,62482628,00:00:58
3926,62499361,00:00:54
3828,62482635,00:00:56
4609,3211737,00:01:12
3827,62482636,00:00:52
3925,62499362,00:00:53
3923,62499364,00:00:55
3921,62499371,00:00:51
3826,62482637,00:00:57
3820,62482647,00:00:53
3936,62499718,00:02:14
3818,62482649,00:00:58
3816,62482658,00:00:53
3669,62482704,00:00:12
3670,62482744,00:00:17
3879,62498511,00:00:52
4312,62845761,00:00:55
3877,62498513,00:00:54
3951,62500432,00:00:54
3897,62498768,00:01:05
3894,62498776,00:00:54
3952,62500513,00:00:53
3908,62499064,00:00:52
3906,62499067,00:01:03
4250,62824223,00:01:01
4235,62795913,00:00:57
3957,62500645,00:00:55
4246,62824011,00:00:58
4249,62824224,00:00:58
4331,62889476,00:00:59
4343,62894466,00:01:00
4374,62900442,00:00:55
4376,62900550,00:01:02
4390,62903095,00:01:07
4393,62903358,00:01:16
4410,62910496,00:00:57
4444,62911050,00:01:00
4591,3211541,00:00:25
4590,3211542,00:00:25
4608,3211738,00:01:18
4606,3211740,00:01:12
4640,3212188,00:01:14
4616,3211765,00:01:09
4627,3211848,00:01:14
4625,3211795,00:01:19
4624,3211796,00:01:22
4626,3211850,00:01:10
4625,3211853,00:01:11
4623,3211797,00:01:46
4622,3211798,00:01:17
4621,3211799,00:01:18
4620,3211800,00:01:25
4619,3211801,00:01:13
4618,3211802,00:01:12
4631,3211844,00:01:13
4630,3211845,00:01:09
4629,3211846,00:01:12
4628,3211847,00:01:11
4641,3212239,00:01:09
4634,3211871,00:01:54
4633,3211873,00:01:09
4632,3211874,00:01:09
4637,3212091,00:01:11
4638,3212098,00:01:13
4639,3212172,00:01:10
4635,3212240,00:01:08
4614,3212242,00:01:09
4649,3212320,00:06:17
4554,3212244,00:01:11
4539,3212245,00:01:10
4648,3212321,00:05:20
4646,3212306,00:07:08
4642,3212255,00:07:46
4647,3212304,00:05:59
4645,3212307,00:07:49
4643,3212311,00:05:46
4644,3212308,00:06:19
4656,3212336,00:05:18
4654,3212338,00:05:17
4655,3212337,00:04:30
4650,3212342,00:07:48
4651,3212341,00:04:40
4660,3212386,00:05:29
4672,3212442,00:06:13
4653,3212339,00:04:50
4671,3212444,00:06:23
4667,3212415,00:04:21
4670,3212412,00:05:41
4652,3212340,00:05:02
4657,3212343,00:04:28
4658,3212358,00:06:12
4669,3212413,00:06:51
4673,3212441,00:07:26
4668,3212414,00:04:37
4703,3215739,00:05:44
4691,3215441,00:04:38
4686,3214482,00:08:51
4665,3212389,00:05:35
4664,3212390,00:05:38
4685,3214490,00:04:48
4679,3212687,00:07:20
4663,3212383,00:05:45
4662,3212384,00:06:03
4661,3212385,00:05:17
4674,3212448,00:05:27
4659,3212387,00:08:05
4676,3212469,00:05:22
4693,3215433,00:05:43
4675,3212470,00:06:24
4682,3214265,00:05:41
4684,3214270,00:05:33
4666,3212416,00:06:26
4683,3214275,00:05:58
4680,3213144,00:05:08
4681,3213196,00:05:11
4677,3212495,00:05:49
4678,3212510,00:04:25
4689,3214470,00:04:53
4695,3215425,00:06:41
4690,3214772,00:07:44
4687,3214478,00:04:51
4688,3214473,00:06:27
4697,3215754,00:05:07
4694,3215430,00:08:23
4698,3215757,00:04:55
4692,3215437,00:03:40
4696,3215422,00:06:11
4702,3215742,00:06:23
4707,3215958,00:04:33
4704,3215970,00:09:11
4706,3215962,00:05:43
4705,3215967,00:04:58
4700,3215762,00:07:02
4708,3216425,00:04:50
4709,3216468,00:04:06
4712,3216565,00:04:39
4711,3216569,00:04:53
4715,3216740,00:05:04
4713,3216587,00:05:50
4710,3216574,00:06:55
4717,3216958,00:05:10
4734,3218323,00:05:07
4716,3216737,00:05:17
4714,3216743,00:05:08
6875,5357002,00:00:29
4718,3216954,00:06:25
4723,3216982,00:05:42
4732,3218331,00:06:07
4726,3217157,00:06:38
4741,3218513,00:06:09
4729,3217360,00:06:13
4721,3216942,00:04:43
4720,3216946,00:05:05
4719,3216949,00:04:51
4722,3216938,00:07:37
4738,3218305,00:05:41
4736,3218314,00:05:53
7253,5488099,00:00:28
6878,5357361,00:00:31
4727,3217154,00:04:56
7542,303851,00:00:59
6879,5359967,00:00:28
7026,66715689,00:00:53
7054,66718173,00:00:41
4724,3217164,00:10:05
4730,3217356,00:06:16
4728,3217363,00:06:20
7255,5489045,00:00:29
7142,66723162,00:01:40
7273,5495816,00:00:28
7280,5497612,00:00:32
7240,5471920,00:00:40
7250,5472104,00:00:29
7490,5696716,00:00:31
6879,5357371,00:00:04
4725,3217161,00:04:48
7541,303855,00:00:55
7143,66723160,00:00:51
4739,3218301,00:06:16
4737,3218309,00:06:05
4735,3218318,00:05:50
4733,3218328,00:05:44
4740,3218510,00:05:03
4731,3218336,00:08:01
7257,5491280,00:00:30
7264,5492678,00:00:30
7232,5463064,00:00:42
7266,5493422,00:00:28
7281,5505073,00:00:36
7302,67031864,00:01:13
4783,63148177,00:01:00
4762,63059740,00:10:01
4784,63148180,00:00:51
4785,63148187,00:00:58
4786,63148191,00:00:57
4782,63148295,00:01:03
4781,63111069,00:00:58
4782,63111112,00:00:59
4782,63148161,00:00:10
4820,63178787,00:00:53
4821,63178792,00:01:32
6880,5357388,00:00:32
7027,66716345,00:00:46
7144,66723395,00:00:44
6882,5357411,00:00:29
6884,5357438,00:00:34
7032,66716900,00:00:38
7004,5362243,00:00:22
7009,5364337,00:00:34
7011,5364528,00:00:58
7233,5468147,00:00:33
7199,66725657,00:00:55
7238,5471400,00:00:33
7282,5506240,00:00:30
7258,5491546,00:01:00
4850,63215701,00:00:57
4851,63215703,00:01:05
5576,63932368,00:00:38
6874,5356998,00:00:23
7003,5362233,00:00:21
7010,5364495,00:01:22
7027,66716323,00:00:26
7121,66722377,00:00:38
7236,5470372,00:00:37
7245,5472020,00:00:27
7270,5495012,00:00:27
7277,5497263,00:00:30
7279,5497433,00:00:27
7286,5509250,00:00:28
5514,63908965,00:00:50
5515,63909000,00:00:42
5517,63912939,00:00:39
5520,63913582,00:00:50
5522,63913615,00:00:55
5533,63914232,00:00:52
5600,63981591,00:00:48
5545,63916627,00:01:26
5519,63930592,00:00:38
5547,63916719,00:00:49
5538,63915066,00:07:14
5518,63930609,00:00:06
5542,63915675,00:02:03
5550,63916797,00:00:52
5531,63913985,00:01:39
5532,63914234,00:00:44
5534,63914393,00:00:52
5536,63914998,00:02:14
5549,63929722,00:00:34
5540,63930035,00:02:49
5537,63929812,00:01:08
5564,63929915,00:00:29
5528,63930342,00:00:42
5529,63930381,00:00:24
5573,63932063,00:00:09
5574,63932199,00:00:42
5595,63980497,00:01:31
6053,64620536,00:00:31
6054,,
6054,64629390,00:00:37
5603,63981987,00:01:02
6057,64630469,00:00:36
6053,,
6053,,
6053,,
6053,,
6053,,
6054,,
6053,,
6053,,
9518,8666156,00:00:59
6321,,
6321,65641104,00:00:52
6321,65641147,00:00:49
6321,,
6321,4340083,00:00:30
9528,8685368,00:01:00
6506,66381332,00:00:47
7012,5364750,00:00:27
7033,66716958,00:00:39
7236,66874796,00:00:39
7274,5496626,00:00:28
6881,5357399,00:00:33
7031,66716628,00:00:42
7259,5491881,00:00:31
7237,5471137,00:00:42
6873,5356903,00:00:24
7008,5364281,00:02:20
7195,66725347,00:00:46
7243,5471967,00:00:32
7269,5494825,00:00:29
7278,5497387,00:00:51
7006,5363988,00:00:22
6883,5357423,00:00:26
7013,5364860,00:00:23
7254,5488593,00:00:32
7244,5471988,00:00:42
7248,5472085,00:00:31
7276,5497128,00:00:28
7196,66725364,00:01:15
7197,66725574,00:01:24
7198,66725622,00:00:56
7246,5472050,00:00:30
7271,5495102,00:00:27
7272,5495278,00:00:33
7275,5496721,00:00:32
9531,8685827,00:01:44
7247,5472069,00:00:36
7491,5697375,00:00:30
7492,5697618,00:00:28
7493,5697801,00:00:50
7543,304502,00:01:26
7615,5715200,00:00:32
7783,,
7839,6161770,00:00:30
7551,305662,00:00:40
7811,5740519,00:00:32
7550,305636,00:01:55
7783,356231,00:01:31
7813,5740561,00:00:31
7973,6193334,00:00:34
9527,8685064,00:01:31
7669,5716192,00:01:03
7549,305448,00:00:35
7834,6161487,00:00:30
7972,6190549,00:00:27
7544,5699226,00:00:37
7835,6161668,00:00:32
7815,5740626,00:00:30
7544,304806,00:04:06
7613,5715118,00:00:33
7547,305337,00:01:13
7812,5740545,00:00:32
7832,6160497,00:00:30
7836,6161696,00:00:26
7838,6161736,00:00:29
7814,5740589,00:00:27
7837,6161737,00:00:39
7698,5716914,00:00:29
7814,5740595,00:00:29
7833,6160514,00:00:28
7614,5715140,00:00:30
9530,8685574,00:01:28
9777,8753405,00:01:32
9557,8691154,00:01:09
9776,8753411,00:01:18
9830,8755879,00:01:10
9674,8714637,00:05:44
9682,8716059,00:01:08
9680,8716070,00:00:59
9701,8716140,00:01:32
9700,8716192,00:01:30
10614,10301013,00:02:30
9704,8716361,00:03:20
9708,8716572,00:01:05
9712,8717113,00:01:40
9764,8752550,00:01:13
9779,8753385,00:01:47
10592,10300656,00:04:10
9900,8838244,00:07:53
9907,8838257,00:06:37
10632,10301553,00:01:17
9914,8838735,00:03:13
10575,10300757,00:01:52
10598,10300789,00:09:09
10542,10298113,00:01:39
10667,10321006,00:30:13
9532,8685932,00:01:31
9539,8688010,00:01:17
9537,8688028,00:01:43
9542,8688574,00:01:06
9565,8691263,00:00:59
9585,8706838,00:00:58
9849,8756744,00:01:33
9847,8756748,00:01:28
9602,8712802,00:01:08
9600,8712804,00:01:10
9845,8756753,00:01:16
9763,8752554,00:02:29
9679,8714694,00:01:19
9669,8714697,00:01:19
9761,8752569,00:01:53
9720,8748379,00:01:20
9732,8749684,00:01:11
9591,8756999,00:01:43
9735,8750514,00:03:45
9856,8758163,00:01:12
9759,8752578,00:03:42
9755,8752613,00:01:18
9757,8752598,00:03:44
9753,8752630,00:01:38
9898,8836696,00:02:17
9773,8753438,00:04:03
9915,8838839,00:10:04
9913,8838001,00:03:39
9916,8837998,00:08:16
10563,10300133,00:02:06
10544,10298281,00:00:41
10666,10320883,00:30:25
10635,10301581,00:02:06
10584,10300637,00:02:10
10585,10300638,00:02:21
10636,10301589,00:01:47
9534,8686963,00:01:07
9641,8712703,00:01:13
9796,8754386,00:01:23
9667,8714728,00:01:18
9665,8714736,00:01:18
9663,8714738,00:01:08
9661,8714742,00:01:01
9794,8754390,00:02:52
9790,8754402,00:01:17
9699,8716075,00:01:31
9786,8754411,00:01:13
9674,8716307,00:01:16
9782,8754421,00:01:07
9737,8750505,00:03:51
10648,10302563,00:02:14
9765,8752545,00:03:46
9918,8840545,00:06:33
9771,8753447,00:01:17
9807,8755181,00:01:04
9804,8755186,00:01:33
9800,8755193,00:01:04
9798,8755196,00:01:54
9842,8756380,00:01:40
10606,10300936,00:02:52
10609,10300960,00:02:17
10545,10298334,00:00:40
10613,10300986,00:02:49
10566,10300182,00:01:39
10634,10301582,00:02:22
10637,10301588,00:01:47
10945,13139177,00:01:02
9535,8687187,00:01:12
9569,8691298,00:01:26
9571,8695493,00:01:03
9625,8712725,00:01:08
9619,8712732,00:01:30
9672,8714640,00:01:35
9660,8714743,00:01:03
10547,10298748,00:01:41
9712,8716710,00:04:24
9733,8749413,00:01:26
10549,10299043,00:01:15
9731,8749428,00:03:11
10555,10299612,00:03:10
9748,8751324,00:03:35
9769,8753463,00:01:20
10639,10301607,00:02:10
10656,10320372,00:02:35
9536,8688032,00:01:01
9640,8712704,00:01:03
9547,8689094,00:01:26
9637,8712707,00:01:10
9551,8689395,00:01:24
9635,8712711,00:01:11
9559,8691196,00:01:13
9633,8712714,00:01:06
9581,8706216,00:01:09
9631,8712716,00:01:04
9586,8708070,00:00:54
9629,8712719,00:01:04
10548,10298842,00:02:08
9706,8716510,00:02:16
9707,8716537,00:02:39
9707,8716548,00:01:41
9642,8712702,00:01:13
9627,8712722,00:01:12
9621,8712729,00:01:13
9666,8714731,00:01:08
9662,8714740,00:01:02
10643,10302703,00:01:56
9728,8749061,00:30:17
9697,8715948,00:02:08
9767,8753483,00:01:08
10559,10300005,00:01:45
9788,8754406,00:01:23
10601,10300806,00:14:40
10562,10300084,00:30:10
10590,10300624,00:01:33
10641,10301710,00:01:57
10652,10303199,00:01:50
9538,8688018,00:01:10
9563,8691247,00:01:34
9584,8706833,00:00:56
9598,8712807,00:01:10
10550,10299226,00:01:38
9596,8712809,00:01:10
9668,8714700,00:01:37
10640,10301712,00:01:47
9774,8753435,00:08:01
9844,8756376,00:01:32
10642,10302723,00:30:24
10655,10320375,00:02:22
10642,10320385,00:01:46
9541,8688499,00:01:04
10651,10303028,00:01:49
9659,8714744,00:01:03
9797,8754384,00:01:20
9793,8754395,00:01:14
9787,8754407,00:02:08
9820,8755909,00:01:49
9853,8756851,00:01:19
9851,8756860,00:01:35
10557,10299879,00:01:27
10647,10302574,00:02:00
10645,10302603,00:01:55
10665,10320810,00:30:19
9762,8752561,00:05:13
9545,8688812,00:01:05
9550,8689405,00:01:17
9754,8752617,00:01:31
9566,8691270,00:01:07
9658,8712681,00:01:21
9664,8714737,00:01:09
10644,10302613,00:02:10
9695,8715956,00:03:41
9691,8716001,00:01:03
9713,8716712,00:03:13
9791,8754400,00:02:47
9789,8754404,00:01:52
9783,8754419,00:01:04
9760,8752573,00:01:30
9843,8756378,00:01:30
10558,10299987,00:01:32
10577,10300311,00:01:36
9543,8688818,00:01:04
9560,8691219,00:01:12
9562,8691242,00:01:35
9564,8691254,00:01:24
9570,8695717,00:01:02
10561,10300050,00:01:51
9574,8699802,00:01:03
9698,8715942,00:01:30
10564,10300130,00:30:21
9692,8715996,00:01:37
9688,8716013,00:01:39
9614,8712755,00:02:43
9609,8712760,00:01:03
9607,8712796,00:01:08
9605,8712799,00:01:09
10619,10301039,00:01:47
9601,8712803,00:00:58
9599,8712806,00:01:13
9740,8751360,00:03:21
9597,8712808,00:01:24
9852,8756854,00:01:09
10650,10302896,00:02:12
10657,10304196,00:01:44
9549,8689090,00:01:05
9567,8691083,00:00:58
9555,8691135,00:01:01
10582,10300544,00:01:52
9568,8691285,00:01:15
9696,8715950,00:03:03
9572,8698981,00:01:01
9578,8703743,00:00:57
9593,8708623,00:01:02
9655,8712683,00:01:11
9654,8712684,00:01:08
9651,8712688,00:01:13
9649,8712691,00:01:12
9725,8749084,00:02:30
9632,8712715,00:01:04
9626,8712723,00:01:17
9624,8712726,00:01:07
9622,8712728,00:01:12
9620,8712731,00:01:11
9603,8712801,00:01:08
9812,8755159,00:01:20
9811,8755160,00:01:14
9809,8755167,00:01:49
9803,8755190,00:01:02
10600,10300807,00:14:37
10560,10300058,00:01:48
10569,10300251,00:02:06
10649,10302904,00:02:01
9546,8689098,00:01:21
9687,8716019,00:01:21
10596,10300768,00:01:58
9810,8755164,00:01:13
9808,8755180,00:01:22
9806,8755182,00:01:13
9802,8755191,00:01:15
9588,8757015,00:01:15
10612,10300976,00:02:07
10610,10300978,00:02:16
10617,10301042,00:01:47
10661,10304966,00:02:18
10659,10304973,00:02:33
10570,10300240,00:01:38
10586,10300585,00:01:46
9556,8689970,00:01:00
9574,8699858,00:01:00
9685,8716025,00:01:10
9683,8716043,00:02:03
10593,10300652,00:05:11
9724,8748741,00:01:09
9801,8755192,00:01:07
9799,8755195,00:01:14
9827,8755887,00:01:46
10599,10300786,00:09:23
10663,10320369,00:02:21
10573,10300282,00:01:29
10588,10300602,00:01:57
9552,8691099,00:01:20
9684,8716037,00:02:13
9831,8755877,00:01:18
9829,8755881,00:01:04
9823,8755898,00:01:38
9821,8755902,00:01:16
9819,8755912,00:01:05
9817,8755916,00:02:19
9815,8755921,00:02:09
10587,10300592,00:02:04
10597,10300791,00:07:20
10653,10320378,00:02:38
9553,8691109,00:01:12
10664,10320634,00:01:18
9645,8712696,00:01:15
9643,8712701,00:01:11
9636,8712710,00:01:13
9681,8716068,00:01:28
9711,8716672,00:01:46
9714,8716738,00:01:47
9832,8755874,00:01:39
9840,8756384,00:01:07
9834,8756396,00:01:22
9905,8838252,00:16:40
10532,10282250,00:30:09
10589,10300614,00:02:05
9558,8691178,00:01:23
9579,8704441,00:00:56
9751,8751278,00:03:49
9583,8706826,00:00:56
9747,8751339,00:02:35
9617,8712741,00:02:03
9615,8712754,00:01:06
9611,8712758,00:01:10
9825,8755891,00:01:31
9702,8716206,00:01:16
9705,8716451,00:02:02
9841,8756382,00:01:36
9710,8716624,00:01:13
9722,8748749,00:01:17
9721,8748751,00:03:28
9749,8751310,00:01:10
10615,10301012,00:02:09
10594,10300702,00:12:06
10580,10300745,00:11:53
10576,10300756,00:09:31
10602,10300906,00:14:09
9554,8691118,00:01:13
10618,10301041,00:01:57
9703,8716288,00:01:09
9717,8717183,00:01:19
9719,8747769,00:00:56
9734,8749407,00:01:13
9732,8749419,00:01:28
9730,8749432,00:02:25
9818,8755914,00:01:16
9816,8755918,00:02:07
9814,8755923,00:01:46
9590,8756996,00:01:16
9592,8757003,00:01:35
10611,10300977,00:02:32
10949,13139757,00:00:42
9729,8749443,00:01:11
9744,8751350,00:02:48
9561,8691236,00:01:35
9657,8712682,00:01:16
9839,8756386,00:01:15
9644,8712700,00:01:11
9613,8712757,00:01:10
9610,8712759,00:00:58
9608,8712793,00:01:06
9606,8712798,00:01:04
9604,8712800,00:01:09
9595,8712811,00:01:05
10624,10301362,00:02:15
9715,8716753,00:02:23
9723,8748744,00:02:24
10654,10320381,00:01:19
10638,10301598,00:01:44
10662,10304964,00:02:16
10660,10304969,00:02:32
10658,10304977,00:01:19
9575,8700180,00:01:08
9582,8706577,00:01:04
9901,8838248,00:02:00
9653,8712687,00:01:13
9650,8712690,00:01:14
9648,8712692,00:01:11
9646,8712694,00:01:13
9623,8712727,00:01:10
9678,8714479,00:00:58
9716,8716770,00:01:52
9837,8756390,00:01:10
9835,8756393,00:01:07
10578,10300319,00:02:03
10539,10297973,00:01:06
10574,10300293,00:02:17
10572,10300278,00:01:46
10603,10300927,00:13:53
10605,10300929,00:02:12
10607,10300950,00:02:32
10623,10301370,00:01:54
10633,10301583,00:02:41
9580,8705922,00:00:58
9656,8712328,00:01:00
10554,10299580,00:01:52
9750,8751286,00:04:23
10620,10301049,00:01:47
9850,8756741,00:01:23
9848,8756746,00:01:36
10622,10301374,00:02:02
9846,8756751,00:02:34
9718,8756962,00:00:30
10595,10300760,00:09:04
10608,10300961,00:01:30
10616,10301034,00:02:09
10537,10297645,00:00:49
9639,8712706,00:01:05
10553,10299420,00:01:16
9634,8712712,00:01:05
9630,8712717,00:01:03
9628,8712721,00:01:05
9618,8712734,00:03:03
9756,8752603,00:01:10
10604,10300928,00:07:39
9908,8838420,00:06:29
10621,10301402,00:01:57
10630,10301537,00:01:48
9434,8548844,00:01:12
9439,8553800,00:01:16
9441,8554450,00:01:33
9487,8654320,00:01:20
9489,8654587,00:01:11
9488,2674179,00:30:03
9487,2674178,00:30:22
9496,8657466,00:30:07
9497,8658261,00:01:50
9488,8660777,00:01:04
9501,8660794,00:01:04
9503,8660845,00:00:58
9512,,
9489,2674167,00:00:09
9515,8665783,00:01:06
9785,8754414,00:01:33
9647,8712693,00:01:14
9758,8752588,00:01:17
9504,8660880,00:00:54
9505,8661236,00:00:58
9506,8663418,00:01:05
9805,8755183,00:01:05
9507,8663647,00:00:58
9489,2674240,00:30:07
10538,10297823,00:00:56
9493,8656677,00:04:20
9587,8757023,00:01:25
9508,8663962,00:01:09
9494,8656988,00:01:47
9770,8753456,00:01:09
9495,8657476,00:02:31
9509,8664654,00:01:06
9498,8658747,00:01:50
9768,8753471,00:01:04
9772,8753442,00:07:40
9513,8665730,00:01:07
9795,8754388,00:01:18
9910,8838423,00:02:30
10627,10301489,00:02:06
10568,10300254,00:01:51
10625,10301419,00:02:01
10631,10301536,00:01:40
9505,8661103,00:00:58
9509,8664635,00:00:56
9677,8714491,00:00:57
9675,8714635,00:01:25
9673,8714638,00:00:57
9671,8714642,00:01:10
9745,8751345,00:06:37
9694,8715986,00:01:43
9690,8716006,00:01:28
9709,8716580,00:01:09
9727,8749066,00:01:10
9781,8753360,00:03:46
9775,8753426,00:01:14
9741,8750488,00:01:34
10540,10298023,00:01:58
9792,8754397,00:01:17
9743,8750474,00:05:05
9739,8750496,00:03:37
10389,10230465,00:02:31
9728,8750518,00:01:14
9813,8755925,00:01:16
9833,8756397,00:01:10
10626,10301449,00:01:33
9906,8838255,00:05:09
9911,8838428,00:02:09
10646,10302592,00:02:02
10946,13139188,00:00:57
9766,8752535,00:01:33
9514,8665781,00:01:03
9676,8714634,00:01:05
9693,8715994,00:02:07
9838,8756387,00:01:16
9689,8716009,00:01:30
9780,8753378,00:01:23
9726,8749072,00:01:20
9836,8756392,00:01:22
9778,8753392,00:02:53
9742,8750484,00:01:32
9740,8750492,00:02:53
9738,8750501,00:04:42
9736,8750507,00:04:15
9828,8755884,00:01:31
9826,8755888,00:01:32
9912,8838580,00:06:20
9824,8755893,00:01:19
9822,8755900,00:02:03
10543,10298110,00:00:39
10565,10300128,00:01:54
10583,10300539,00:01:32
10591,10300634,00:02:14
10629,10301500,00:01:43
10628,10301477,00:01:56
12183,15518440,00:01:38
12182,15518327,00:01:22
12184,15518693,00:01:33
12483,16412082,00:01:37
12484,16412133,00:01:31
12450,16359472,00:04:31
12456,16367196,00:03:07
12572,16442856,00:00:56
12450,16359279,00:00:15
12457,16368681,00:03:01
12573,16442855,00:00:54
12016,14691172,00:00:36
12017,14691290,00:00:45
12032,14694192,00:00:52
12018,14691423,00:01:00
12028,14693840,00:00:38
12019,14691523,00:01:58
12021,14691841,00:00:45
12020,14692548,00:00:44
12030,14693869,00:00:39
12022,14693142,00:00:43
12023,14693206,00:01:09
12024,14693492,00:00:49
12029,14693823,00:00:38
12025,14693931,00:00:40
12033,14694264,00:00:40
12026,14693988,00:00:50
12027,14694015,00:00:41
12031,14694078,00:00:47
12037,14694695,00:00:47
12034,14694410,00:00:52
12035,14694492,00:00:47
12036,14694543,00:01:15
12038,14694737,00:00:58
12039,14694770,00:00:48
12040,14694914,00:00:50
12045,14729367,00:00:49
12046,14729486,00:00:54
12043,14729622,00:00:44
12042,14729610,00:00:52
12047,14730308,00:00:45
12048,14739583,00:00:51
12049,14739815,00:00:34
12050,14739866,00:00:43
12051,14739876,00:00:37
12052,14784449,00:00:31
12053,14786611,00:01:20
12054,14788112,00:00:45
12057,14788315,00:01:20
12055,14788183,00:00:50
12086,15027270,00:00:47
12056,14788232,00:00:47
12059,14842633,00:01:33
12078,15026330,00:00:50
12090,15063292,
12332,15902774,00:00:39
12328,15958079,00:00:31
12328,15902583,00:00:39
